0,0.0,0.0,0.0
1,-0.303684280139322,-0.5748025529198912,0.08907484143705346
2,-0.607368560278644,-1.149605105839786,0.17814968287409982
3,-0.9110528404179661,-1.7244076587596773,0.2672245243111533
4,-1.214737120557288,-2.2992102116795685,0.35629936574819965
5,-1.5184214006966101,-2.8740127645994633,0.4453742071852531
6,-1.8221056808359322,-3.4488153175193546,0.5344490486222995
7,-2.125789960975254,-4.023617870439246,0.6235238900593529
8,-2.429474241114576,-4.598420423359141,0.7125987314964064
9,-2.7331585212538982,-5.173222976279032,0.8016735729334528
10,-3.0368428013932203,-5.748025529198927,0.8907484143705062
11,-3.3405270815325423,-6.322828082118818,0.9798232558075526
12,-3.6442113616718643,-6.897630635038709,1.068898097244606
13,-3.9478956418111864,-7.472433187958604,1.1579729386816595
14,-4.251579921950508,-8.047235740878495,1.2470477801187059
15,-4.555264202089845,-8.622038293798388,1.3361226215557593
16,-4.858948482229167,-9.19684084671828,1.4251974629928057
17,-5.162632762368489,-9.771643399638172,1.5142723044298592
18,-5.466317042507811,-10.346445952558064,1.6033471458669055
19,-5.770001322647133,-10.921248505477957,1.692421987303959
20,-6.073685602786455,-11.49605105839785,1.7814968287410125
21,-6.377369882925777,-12.070853611317743,1.8705716701780588
22,-6.681054163065099,-12.645656164237636,1.9596465116151123
23,-6.984738443204421,-13.220458717157529,2.0487213530521586
24,-7.288422723343743,-13.795261270077418,2.137796194489212
25,-7.592107003483065,-14.370063822997311,2.2268710359262585
26,-7.895791283622387,-14.944866375917206,2.315945877363312
27,-8.199475563761709,-15.519668928837095,2.4050207188003654
28,-8.503159843901031,-16.09447148175699,2.4940955602374117
29,-8.806844124040353,-16.66927403467688,2.583170401674465
30,-9.110528404179675,-17.244076587596776,2.6722452431115116
31,-9.414212684318997,-17.818879140516664,2.761320084548565
32,-9.717896964458319,-18.39368169343656,2.8503949259856185
33,-10.021581244597641,-18.96848424635645,2.939469767422672
34,-10.325265524736963,-19.543286799276345,3.028544608859711
35,-10.628949804876285,-20.118089352196236,3.1176194502967647
36,-10.932634085015607,-20.692891905116127,3.206694291733818
37,-11.236318365154943,-21.267694458036022,3.2957691331708716
38,-11.540002645294251,-21.842497010955913,3.384843974607911
39,-11.843686925433573,-22.417299563875808,3.4739188160449643
40,-12.147371205572902,-22.9921021167957,3.562993657482018
41,-12.451055485712224,-23.56690466971559,3.6520684989190713
42,-12.754739765851546,-24.141707222635485,3.7411433403561247
43,-13.058424045990868,-24.716509775555377,3.830218181793164
44,-13.36210832613019,-25.29131232847527,3.9192930232302174
45,-13.665792606269513,-25.86611488139516,4.008367864667271
46,-13.969476886408842,-26.440917434315057,4.097442706104324
47,-14.273161166548164,-27.01571998723495,4.186517547541378
48,-14.576845446687486,-27.590522540154836,4.275592388978417
49,-14.880529726826808,-28.16532509307473,4.3646672304154706
50,-15.18421400696613,-28.740127645994622,4.453742071852524
51,-15.487898287105452,-29.314930198914517,4.5428169132895775
52,-15.791582567244774,-29.889732751834412,4.631891754726631
53,-16.095266847384096,-30.464535304754303,4.72096659616367
54,-16.398951127523418,-31.03933785767419,4.810041437600724
55,-16.70263540766274,-31.614140410594082,4.899116279037777
56,-17.006319687802062,-32.18894296351398,4.988191120474831
57,-17.310003967941384,-32.76374551643387,5.07726596191187
58,-17.613688248080706,-33.33854806935376,5.166340803348923
59,-17.917372528220028,-33.91335062227366,5.255415644785977
60,-18.22105680835935,-34.48815317519355,5.34449048622303
61,-18.524741088498672,-35.06295572811344,5.433565327660084
62,-18.828425368637994,-35.63775828103333,5.522640169097123
63,-19.132109648777316,-36.212560833953226,5.611715010534176
64,-19.435793928916638,-36.78736338687312,5.70078985197123
65,-19.73947820905596,-37.36216593979301,5.789864693408283
66,-20.04316248919529,-37.9369684927129,5.878939534845337
67,-20.34684676933461,-38.5117710456328,5.968014376282376
68,-20.650531049473933,-39.08657359855269,6.0570892177194295
69,-20.954215329613255,-39.66137615147258,6.146164059156483
70,-21.257899609752577,-40.23617870439247,6.2352389005935365
71,-21.5615838898919,-40.81098125731236,6.324313742030576
72,-21.86526817003122,-41.385783810232255,6.413388583467629
73,-22.168952450170544,-41.96058636315215,6.502463424904683
74,-22.472636730309873,-42.535388916072044,6.591538266341736
75,-22.776321010449195,-43.11019146899193,6.68061310777879
76,-23.080005290588517,-43.68499402191183,6.769687949215829
77,-23.38368957072784,-44.259796574831725,6.858762790652882
78,-23.68737385086716,-44.834599127751616,6.947837632089936
79,-23.991058131006483,-45.40940168067151,7.036912473526989
80,-24.294742411145805,-45.9842042335914,7.125987314964043
81,-24.598426691285127,-46.55900678651129,7.215062156401082
82,-24.856299999999997,-47.0471,7.290699999999994
83,-25.322564292208362,-46.88398673078547,7.7226121617199155
84,-25.788828584416727,-46.720873461570946,8.154524323439851
85,-26.255092876625092,-46.55776019235642,8.586436485159787
86,-26.721357168833457,-46.39464692314189,9.018348646879708
87,-27.18762146104182,-46.231533653927364,9.45026080859963
88,-27.653885753250186,-46.06842038471284,9.882172970319566
89,-28.12015004545855,-45.90530711549831,10.314085132039502
90,-28.586414337666916,-45.74219384628378,10.745997293759423
91,-29.05267862987528,-45.579080577069256,11.177909455479359
92,-29.518942922083646,-45.41596730785473,11.60982161719928
93,-29.98520721429201,-45.2528540386402,12.041733778919216
94,-30.45147150650037,-45.089740769425674,12.473645940639138
95,-30.917735798708733,-44.92662750021114,12.905558102359073
96,-31.384000090917098,-44.76351423099662,13.337470264078995
97,-31.850264383125463,-44.600400961782086,13.76938242579893
98,-32.31652867533383,-44.437287692567566,14.201294587518852
99,-32.78279296754219,-44.27417442335303,14.633206749238774
100,-33.24905725975056,-44.11106115413851,15.06511891095871
101,-33.71532155195892,-43.94794788492398,15.497031072678645
102,-34.18158584416729,-43.78483461570946,15.928943234398567
103,-34.64785013637565,-43.62172134649492,16.360855396118488
104,-35.11411442858402,-43.4586080772804,16.792767557838424
105,-35.58037872079238,-43.29549480806587,17.22467971955836
106,-36.04664301300075,-43.13238153885135,17.65659188127828
107,-36.51290730520911,-42.969268269636814,18.088504042998217
108,-36.979171597417476,-42.806155000422294,18.52041620471814
109,-37.44543588962584,-42.64304173120776,18.952328366438074
110,-37.911700181834206,-42.47992846199323,19.384240528157996
111,-38.37796447404257,-42.316815192778705,19.81615268987793
112,-38.844228766250936,-42.15370192356418,20.248064851597853
113,-39.3104930584593,-41.99058865434965,20.67997701331779
114,-39.776757350667665,-41.82747538513512,21.11188917503771
115,-40.24302164287603,-41.664362115920596,21.543801336757646
116,-40.709285935084395,-41.50124884670607,21.975713498477567
117,-41.17555022729276,-41.33813557749154,22.407625660197503
118,-41.641814519501125,-41.175022308277015,22.839537821917425
119,-42.10807881170949,-41.01190903906249,23.27144998363736
120,-42.574343103917855,-40.84879576984796,23.703362145357282
121,-43.04060739612622,-40.68568250063343,24.135274307077218
122,-43.506871688334584,-40.522569231418906,24.56718646879714
123,-43.97313598054294,-40.35945596220438,24.99909863051706
124,-44.439400272751314,-40.19634269298985,25.431010792236997
125,-44.90566456495967,-40.033229423775325,25.862922953956932
126,-45.371928857168044,-39.8701161545608,26.294835115676854
127,-45.8381931493764,-39.70700288534627,26.726747277396775
128,-46.304457441584766,-39.54388961613174,27.15865943911671
129,-46.77072173379313,-39.380776346917216,27.590571600836647
130,-47.236986026001496,-39.21766307770269,28.02248376255657
131,-47.70325031820986,-39.05454980848816,28.45439592427649
132,-48.169514610418226,-38.891436539273634,28.886308085996426
133,-48.4246,-38.8022,29.1226
134,-48.981643238823175,-38.455458728745114,29.128055741373736
135,-49.53868647764635,-38.10871745749023,29.133511482747487
136,-50.09572971646952,-37.761976186235344,29.138967224121224
137,-50.65277295529269,-37.415234914980466,29.144422965494975
138,-51.20981619411586,-37.06849364372558,29.149878706868712
139,-51.766859432939036,-36.7217523724707,29.155334448242463
140,-52.32390267176221,-36.37501110121581,29.1607901896162
141,-52.88094591058538,-36.028269829960934,29.16624593098995
142,-53.43798914940855,-35.68152855870605,29.17170167236369
143,-53.99503238823172,-35.334787287451164,29.17715741373744
144,-54.5520756270549,-34.98804601619628,29.182613155111177
145,-55.109118865878074,-34.641304744941394,29.18806889648493
146,-55.66616210470124,-34.29456347368651,29.193524637858665
147,-56.22320534352441,-33.947822202431624,29.198980379232417
148,-56.78024858234759,-33.60108093117674,29.204436120606154
149,-57.33729182117076,-33.25433965992186,29.209891861979905
150,-57.894335059993935,-32.907598388666976,29.215347603353642
151,-58.451378298817104,-32.56085711741209,29.22080334472738
152,-59.008421537640274,-32.214115846157206,29.22625908610113
153,-59.56546477646345,-31.867374574902325,29.231714827474867
154,-60.12250801528662,-31.52063330364744,29.23717056884862
155,-60.679551254109796,-31.17389203239256,29.242626310222356
156,-61.236594492932966,-30.827150761137673,29.248082051596107
157,-61.793637731756135,-30.48040948988279,29.253537792969844
158,-62.35068097057931,-30.133668218627903,29.258993534343595
159,-62.90772420940249,-29.78692694737302,29.264449275717332
160,-63.46476744822566,-29.440185676118137,29.269905017091084
161,-64.02181068704883,-29.093444404863256,29.27536075846482
162,-64.578853925872,-28.74670313360837,29.280816499838572
163,-65.13589716469517,-28.399961862353486,29.28627224121231
164,-65.69294040351835,-28.0532205910986,29.29172798258606
165,-66.24998364234152,-27.70647931984372,29.297183723959797
166,-66.80702688116469,-27.359738048588834,29.30263946533355
167,-67.36407011998786,-27.012996777333953,29.308095206707286
168,-67.92111335881103,-26.666255506079068,29.313550948081023
169,-68.47815659763421,-26.319514234824183,29.319006689454774
170,-69.03519983645738,-25.972772963569298,29.32446243082851
171,-69.59224307528055,-25.626031692314417,29.329918172202262
172,-70.14928631410373,-25.27929042105953,29.335373913576
173,-70.70632955292689,-24.93254914980465,29.34082965494975
174,-71.26337279175007,-24.585807878549765,29.346285396323488
175,-71.82041603057324,-24.23906660729488,29.35174113769724
176,-72.37745926939641,-23.892325336039995,29.357196879070976
177,-72.9345025082196,-23.545584064785114,29.362652620444727
178,-73.3988,-23.256573999999997,29.367200000000004
179,-73.76020011109912,-22.963192733308382,28.90473504319143
180,-74.12160022219825,-22.669811466616764,28.44227008638284
181,-74.48300033329738,-22.37643019992515,27.979805129574267
182,-74.84440044439651,-22.08304893323353,27.517340172765692
183,-75.20580055549564,-21.789667666541913,27.054875215957118
184,-75.56720066659477,-21.496286399850298,26.59241025914853
185,-75.9286007776939,-21.20290513315868,26.129945302339955
186,-76.29000088879302,-20.90952386646706,25.66748034553138
187,-76.65140099989215,-20.616142599775447,25.205015388722792
188,-77.01280111099128,-20.32276133308383,24.742550431914218
189,-77.3742012220904,-20.02938006639221,24.280085475105643
190,-77.73560133318954,-19.735998799700596,23.81762051829707
191,-78.09700144428867,-19.442617533008978,23.35515556148848
192,-78.4584015553878,-19.14923626631736,22.892690604679906
193,-78.81980166648692,-18.855854999625745,22.43022564787133
194,-79.18120177758604,-18.562473732934127,21.967760691062743
195,-79.54260188868517,-18.269092466242512,21.50529573425417
196,-79.9040019997843,-17.975711199550894,21.042830777445594
197,-80.26540211088343,-17.682329932859275,20.580365820637006
198,-80.62680222198256,-17.38894866616766,20.11790086382843
199,-80.98820233308169,-17.095567399476042,19.655435907019857
200,-81.34960244418082,-16.802186132784424,19.192970950211283
201,-81.71100255527995,-16.50880486609281,18.730505993402694
202,-82.07240266637906,-16.21542359940119,18.26804103659412
203,-82.43380277747819,-15.922042332709575,17.805576079785546
204,-82.79520288857732,-15.628661066017958,17.34311112297697
205,-83.15660299967645,-15.335279799326342,16.880646166168383
206,-83.51800311077558,-15.041898532634724,16.41818120935981
207,-83.87940322187471,-14.748517265943107,15.955716252551234
208,-84.24080333297384,-14.455135999251489,15.493251295742645
209,-84.60220344407297,-14.161754732559874,15.030786338934071
210,-84.96360355517209,-13.868373465868256,14.568321382125497
211,-85.32500366627121,-13.574992199176638,14.105856425316908
212,-85.68640377737034,-13.281610932485023,13.643391468508334
213,-86.04780388846947,-12.988229665793407,13.18092651169976
214,-86.4092039995686,-12.694848399101788,12.71846155489117
215,-86.77060411066773,-12.40146713241017,12.255996598082596
216,-87.13200422176686,-12.108085865718554,11.793531641274022
217,-87.49340433286599,-11.814704599026937,11.331066684465448
218,-87.85480444396512,-11.52132333233532,10.868601727656873
219,-88.21620455506424,-11.227942065643704,10.406136770848285
220,-88.57760466616337,-10.934560798952086,9.94367181403971
221,-88.9390047772625,-10.64117953226047,9.481206857231136
222,-89.30040488836163,-10.347798265568851,9.018741900422548
223,-89.66180499946076,-10.054416998877237,8.556276943613973
224,-90.02320511055989,-9.76103573218562,8.093811986805399
225,-90.4252,-9.4347,7.5794
226,-90.06049352238206,-8.956604048263648,7.842021191720754
227,-89.69578704476413,-8.478508096527294,8.104642383441508
228,-89.33108056714619,-8.000412144790943,8.367263575162262
229,-88.96637408952826,-7.522316193054589,8.629884766883016
230,-88.60166761191033,-7.0442202413182375,8.89250595860377
231,-88.23696113429239,-6.566124289581886,9.155127150324539
232,-87.87225465667446,-6.088028337845532,9.417748342045293
233,-87.50754817905651,-5.609932386109179,9.680369533766047
234,-87.14284170143858,-5.1318364343728256,9.942990725486801
235,-86.77813522382064,-4.653740482636476,10.205611917207555
236,-86.41342874620271,-4.175644530900122,10.46823310892831
237,-86.04872226858478,-3.697548579163769,10.730854300649064
238,-85.68401579096684,-3.2194526274274153,10.993475492369818
239,-85.31930931334891,-2.7413566756910654,11.256096684090572
240,-84.95460283573098,-2.263260723954712,11.51871787581134
241,-84.58989635811304,-1.7851647722183586,11.781339067532095
242,-84.22518988049511,-1.3070688204820087,12.043960259252849
243,-83.86048340287716,-0.8289728687456517,12.306581450973603
244,-83.49577692525924,-0.3508769170093018,12.569202642694357
245,-83.13107044764129,0.1272190347270481,12.831823834415111
246,-82.76636397002336,0.6053149864634051,13.094445026135865
247,-82.40165749240543,1.083410938199755,13.35706621785662
248,-82.03695101478749,1.5615068899361084,13.619687409577374
249,-81.67224453716956,2.039602841672462,13.882308601298128
250,-81.30753805955162,2.5176987934088118,14.144929793018882
251,-80.94283158193369,2.9957947451451687,14.40755098473965
252,-80.57812510431575,3.4738906968815186,14.670172176460405
253,-80.21341862669782,3.9519866486178685,14.932793368181159
254,-79.84871214907989,4.4300826003542255,15.195414559901913
255,-79.48400567146194,4.908178552090575,15.458035751622667
256,-79.11929919384401,5.386274503826929,15.720656943343421
257,-78.75459271622607,5.864370455563282,15.983278135064175
258,-78.38988623860814,6.342466407299632,16.24589932678493
259,-78.0251797609902,6.820562359035986,16.508520518505684
260,-77.66047328337227,7.2986583107723355,16.771141710226452
261,-77.29576680575434,7.7767542625086925,17.033762901947206
262,-76.9310603281364,8.254850214245046,17.29638409366796
263,-76.56635385051847,8.732946165981396,17.559005285388714
264,-76.20164737290052,9.21104211771775,17.82162647710947
265,-75.8369408952826,9.689138069454103,18.084247668830223
266,-75.47223441766465,10.167234021190453,18.346868860550977
267,-75.10752794004672,10.645329972926802,18.60949005227173
268,-74.7428214624288,11.12342592466316,18.872111243992485
269,-74.37811498481085,11.601521876399516,19.134732435713254
270,-74.01340850719292,12.079617828135866,19.397353627433993
271,-73.64870202957499,12.557713779872216,19.659974819154762
272,-73.28399555195705,13.035809731608566,19.922596010875516
273,-72.91928907433912,13.513905683344916,20.18521720259627
274,-72.31536,14.305599999999998,20.6201
275,-71.86707681784826,14.49105132826967,20.17827827388536
276,-71.4187936356965,14.676502656539348,19.736456547770736
277,-70.97051045354476,14.86195398480902,19.294634821656096
278,-70.522227271393,15.047405313078698,18.852813095541457
279,-70.07394408924125,15.23285664134837,18.41099136942683
280,-69.62566090708951,15.418307969618049,17.969169643312192
281,-69.17737772493776,15.60375929788772,17.527347917197552
282,-68.72909454278602,15.789210626157399,17.085526191082927
283,-68.28081136063426,15.97466195442707,16.643704464968287
284,-67.83252817848252,16.16011328269674,16.201882738853648
285,-67.38424499633076,16.34556461096642,15.760061012739023
286,-66.93596181417902,16.53101593923609,15.318239286624383
287,-66.48767863202727,16.71646726750577,14.876417560509744
288,-66.03939544987551,16.90191859577544,14.434595834395118
289,-65.59111226772377,17.08736992404512,13.992774108280479
290,-65.14282908557202,17.27282125231479,13.550952382165839
291,-64.69454590342028,17.45827258058447,13.109130656051214
292,-64.24626272126852,17.64372390885414,12.667308929936574
293,-63.797979539116774,17.829175237123813,12.225487203821935
294,-63.349696356965026,18.014626565393492,11.783665477707295
295,-62.90141317481328,18.200077893663163,11.34184375159267
296,-62.45312999266153,18.385529221932842,10.90002202547803
297,-62.00484681050978,18.570980550202513,10.45820029936339
298,-61.556563628358035,18.756431878472192,10.016378573248765
299,-61.10828044620628,18.941883206741863,9.574556847134126
300,-60.65999726405453,19.127334535011542,9.132735121019486
301,-60.211714081902784,19.312785863281213,8.690913394904861
302,-59.763430899751036,19.498237191550885,8.249091668790221
303,-59.31514771759929,19.683688519820564,7.807269942675582
304,-58.86686453544754,19.869139848090242,7.3654482165609565
305,-58.41858135329579,20.054591176359914,6.923626490446317
306,-57.970298171144044,20.240042504629585,6.481804764331677
307,-57.5220149889923,20.425493832899264,6.039983038217052
308,-57.07373180684055,20.610945161168935,5.5981613121024125
309,-56.6254486246888,20.796396489438607,5.156339585987773
310,-56.177165442537046,20.981847817708285,4.714517859873148
311,-55.7288822603853,21.167299145977964,4.272696133758508
312,-55.28059907823355,21.352750474247635,3.8308744076438686
313,-54.8323158960818,21.538201802517307,3.389052681529243
314,-54.384032713930054,21.723653130786985,2.9472309554146037
315,-53.935749531778306,21.909104459056657,2.5054092292999712
316,-53.48746634962656,22.094555787326335,2.063587503185339
317,-53.0391831674748,22.280007115596007,1.6217657770706992
318,-52.590899985323055,22.465458443865685,1.1799440509560668
319,-52.14261680317131,22.650909772135357,0.7381223248414344
320,-51.69433362101956,22.83636110040503,0.2963005987267948
321,-51.24605043886781,23.021812428674707,-0.14552112738784473
322,-50.797767256716064,23.20726375694438,-0.5873428535024701
323,-50.4363,23.3568,-0.9436000000000035
324,-49.84096502247968,23.081103329091412,-0.9324620282457659
325,-49.245630044959356,22.805406658182825,-0.9213240564915282
326,-48.65029506743903,22.529709987274245,-0.9101860847372976
327,-48.0549600899187,22.254013316365658,-0.8990481129830599
328,-47.45962511239838,21.97831664545707,-0.8879101412288222
329,-46.864290134878054,21.702619974548483,-0.8767721694745845
330,-46.26895515735773,21.426923303639896,-0.8656341977203539
331,-45.67362017983741,21.151226632731316,-0.8544962259661162
332,-45.07828520231708,20.87552996182273,-0.8433582542118785
333,-44.48295022479676,20.59983329091414,-0.8322202824576408
334,-43.887615247276436,20.324136620005554,-0.8210823107034031
335,-43.29228026975611,20.048439949096974,-0.8099443389491725
336,-42.69694529223579,19.772743278188386,-0.7988063671949348
337,-42.101610314715465,19.4970466072798,-0.7876683954406971
338,-41.506275337195135,19.22134993637121,-0.7765304236864594
339,-40.91094035967481,18.945653265462624,-0.7653924519322288
340,-40.31560538215449,18.669956594554044,-0.7542544801779911
341,-39.720270404634164,18.394259923645457,-0.7431165084237534
342,-39.12493542711384,18.11856325273687,-0.7319785366695157
343,-38.52960044959352,17.842866581828282,-0.720840564915278
344,-37.93426547207319,17.567169910919702,-0.7097025931610474
345,-37.33893049455287,17.291473240011115,-0.6985646214068097
346,-36.743595517032546,17.015776569102528,-0.687426649652572
347,-36.14826053951222,16.74007989819394,-0.6762886778983344
348,-35.5529255619919,16.464383227285353,-0.6651507061440967
349,-34.957590584471575,16.188686556376766,-0.6540127343898661
350,-34.36225560695125,15.912989885468185,-0.6428747626356284
351,-33.76692062943093,15.637293214559598,-0.6317367908813907
352,-33.171585651910604,15.361596543651011,-0.620598819127153
353,-32.57625067439028,15.08589987274243,-0.6094608473729224
354,-31.980915696869957,14.810203201833843,-0.5983228756186847
355,-31.385580719349626,14.534506530925256,-0.587184903864447
356,-30.790245741829303,14.258809860016669,-0.5760469321102093
357,-30.194910764308986,13.983113189108082,-0.5649089603559716
358,-29.599575786788662,13.707416518199494,-0.553770988601741
359,-29.00424080926834,13.431719847290914,-0.5426330168475033
360,-28.408905831748008,13.156023176382327,-0.5314950450932656
361,-27.81357085422769,12.88032650547374,-0.5203570733390279
362,-27.21823587670736,12.60462983456516,-0.5092191015847973
363,-26.622900899187037,12.328933163656572,-0.49808112983055963
364,-26.027565921666714,12.053236492747985,-0.48694315807632194
365,-25.43223094414639,11.777539821839397,-0.47580518632208424
366,-24.836895966626066,11.50184315093081,-0.46466721456784654
367,-24.241560989105736,11.226146480022223,-0.45352924281361595
368,-23.64622601158542,10.950449809113643,-0.44239127105937825
369,-23.05089103406509,10.674753138205055,-0.43125329930514056
370,-22.455556056544765,10.399056467296468,-0.42011532755090286
371,-21.86022107902444,10.123359796387888,-0.40897735579667227
372,-21.264886101504118,9.8476631254793,-0.3978393840424346
373,-20.669551123983794,9.571966454570713,-0.3867014122881969
374,-20.07421614646347,9.296269783662126,-0.3755634405339592
375,-19.478881168943147,9.020573112753539,-0.3644254687797215
376,-18.883546191422823,8.744876441844951,-0.3532874970254909
377,-18.2882112139025,8.469179770936371,-0.3421495252712532
378,-17.692876236382176,8.193483100027784,-0.3310115535170155
379,-17.097541258861852,7.917786429119197,-0.3198735817627778
380,-16.50220628134153,7.642089758210609,-0.3087356100085472
381,-15.906871303821205,7.366393087302026,-0.2975976382543095
382,-15.311536326300882,7.090696416393438,-0.2864596665000718
383,-14.716201348780558,6.8149997454848545,-0.2753216947458341
384,-14.120866371260234,6.539303074576267,-0.2641837229915964
385,-13.52553139373991,6.2636064036676835,-0.25304575123736583
386,-12.930196416219587,5.987909732759096,-0.24190777948312814
387,-12.33486143869925,5.7122130618505125,-0.23076980772889044
388,-11.739526461178926,5.436516390941925,-0.21963183597465274
389,-11.144191483658602,5.160819720033338,-0.20849386422042215
390,-10.548856506138279,4.885123049124751,-0.19735589246618446
391,-9.95352152861797,4.60942637821617,-0.18621792071194676
392,-9.358186551097646,4.333729707307583,-0.17507994895770906
393,-8.762851573577322,4.058033036398996,-0.16394197720347137
394,-8.167516596056998,3.782336365490412,-0.15280400544924078
395,-7.572181618536675,3.506639694581825,-0.14166603369500308
396,-6.976846641016351,3.230943023673241,-0.13052806194076538
397,-6.381511663496013,2.95524635276465,-0.11939009018652769
398,-5.786176685975704,2.6795496818560665,-0.1082521184322971
399,-5.19084170845538,2.4038530109474827,-0.0971141466780594
400,-4.595506730935057,2.1281563400388954,-0.0859761749238217
401,-4.000171753414719,1.8524596691303117,-0.074838203169584
402,-3.4048367758943954,1.5767629982217244,-0.06370023141534631
403,-2.8095017983740718,1.3010663273131406,-0.05256225966111572
404,-2.214166820853748,1.0253696564045534,-0.04142428790687802
405,-1.6188318433334246,0.7496729854959696,-0.030286316152640325
406,-1.023496865813101,0.4739763145873823,-0.019148344398402628
407,-0.42816188829277735,0.19827964367879503,-0.008010372644172037
408,0.0,0.0,0.0
409,-0.16280510710345197,-0.4824347255392105,0.41389331586646705
410,-0.32561021420690395,-0.964869451078421,0.8277866317329341
411,-0.4884153213103559,-1.4473041766176316,1.2416799475994011
412,-0.6512204284138079,-1.929738902156842,1.6555732634658682
413,-0.8140255355172599,-2.412173627696056,2.0694665793323352
414,-0.9768306426207118,-2.894608353235263,2.4833598951988094
415,-1.1396357497241638,-3.377043078774477,2.8972532110652693
416,-1.3024408568276158,-3.8594778043136877,3.3111465269317435
417,-1.465245963931082,-4.341912529852898,3.7250398427982034
418,-1.628051071034534,-4.824347255392109,4.138933158664678
419,-1.790856178137986,-5.306781980931319,4.5528264745311375
420,-1.953661285241438,-5.78921670647053,4.966719790397612
421,-2.11646639234489,-6.27165143200974,5.380613106264086
422,-2.279271499448342,-6.754086157548951,5.794506422130546
423,-2.442076606551794,-7.236520883088163,6.20839973799702
424,-2.604881713655246,-7.718955608627374,6.62229305386348
425,-2.7676868207586978,-8.201390334166584,7.036186369729954
426,-2.9304919278621497,-8.683825059705795,7.450079685596414
427,-3.0932970349656017,-9.166259785245007,7.863973001462888
428,-3.2561021420690537,-9.64869451078422,8.277866317329348
429,-3.4189072491725057,-10.131129236323428,8.691759633195822
430,-3.5817123562759576,-10.61356396186264,9.105652949062282
431,-3.7445174633794096,-11.09599868740185,9.519546264928756
432,-3.9073225704828616,-11.57843341294106,9.93343958079523
433,-4.070127677586328,-12.060868138480272,10.34733289666169
434,-4.23293278468978,-12.543302864019484,10.761226212528165
435,-4.395737891793232,-13.025737589558691,11.175119528394625
436,-4.558542998896684,-13.508172315097903,11.589012844261099
437,-4.721348106000136,-13.990607040637116,12.002906160127559
438,-4.884153213103588,-14.473041766176326,12.416799475994033
439,-5.04695832020704,-14.955476491715537,12.830692791860493
440,-5.209763427310492,-15.437911217254747,13.244586107726967
441,-5.3725685344139436,-15.92034594279396,13.658479423593427
442,-5.5353736415173955,-16.40278066833317,14.072372739459901
443,-5.6981787486208475,-16.88521539387238,14.486266055326361
444,-5.8609838557242995,-17.36765011941159,14.900159371192835
445,-6.0237889628277514,-17.850084844950803,15.314052687059295
446,-6.186594069931203,-18.332519570490014,15.72794600292577
447,-6.349399177034655,-18.814954296029224,16.141839318792243
448,-6.512204284138107,-19.29738902156844,16.555732634658703
449,-6.675009391241559,-19.779823747107645,16.969625950525163
450,-6.837814498345011,-20.262258472646856,17.383519266391637
451,-7.0006196054484775,-20.744693198186066,17.79741258225811
452,-7.1634247125519295,-21.22712792372528,18.21130589812457
453,-7.3262298196553814,-21.709562649264488,18.625199213991046
454,-7.489034926758833,-22.1919973748037,19.03909252985752
455,-7.651840033862285,-22.674432100342912,19.45298584572398
456,-7.814645140965737,-23.15686682588212,19.86687916159044
457,-7.977450248069189,-23.63930155142133,20.280772477456914
458,-8.140255355172641,-24.121736276960544,20.694665793323388
459,-8.303060462276093,-24.604171002499754,21.108559109189848
460,-8.465865569379545,-25.08660572803897,21.522452425056322
461,-8.643600000000006,-25.61328,21.974299999999992
462,-8.990975707382148,-26.072524196488025,21.659687015307973
463,-9.33835141476429,-26.531768392976055,21.34507403061594
464,-9.685727122146417,-26.991012589464084,21.03046104592392
465,-10.03310282952856,-27.45025678595211,20.71584806123189
466,-10.3804785369107,-27.90950098244014,20.40123507653987
467,-10.727854244292843,-28.368745178928165,20.08662209184785
468,-11.075229951674984,-28.827989375416195,19.772009107155817
469,-11.422605659057126,-29.287233571904224,19.4573961224638
470,-11.769981366439254,-29.74647776839225,19.14278313777178
471,-12.117357073821402,-30.20572196488028,18.828170153079746
472,-12.464732781203537,-30.664966161368305,18.513557168387727
473,-12.812108488585679,-31.124210357856334,18.198944183695694
474,-13.15948419596782,-31.583454554344364,17.884331199003675
475,-13.506859903349955,-32.042698750832386,17.569718214311656
476,-13.854235610732097,-32.501942947320416,17.255105229619623
477,-14.201611318114232,-32.961187143808445,16.940492244927604
478,-14.548987025496373,-33.420431340296474,16.625879260235585
479,-14.896362732878515,-33.879675536784504,16.311266275543552
480,-15.243738440260657,-34.33891973327253,15.996653290851533
481,-15.591114147642791,-34.79816392976056,15.6820403061595
482,-15.938489855024933,-35.257408126248585,15.367427321467481
483,-16.285865562407068,-35.716652322736614,15.052814336775462
484,-16.63324126978921,-36.17589651922464,14.73820135208343
485,-16.98061697717135,-36.635140715712666,14.42358836739141
486,-17.327992684553493,-37.094384912200695,14.108975382699377
487,-17.675368391935628,-37.553629108688725,13.794362398007358
488,-18.022744099317762,-38.012873305176754,13.47974941331534
489,-18.370119806699904,-38.47211750166478,13.165136428623306
490,-18.717495514082046,-38.931361698152806,12.850523443931287
491,-19.064871221464188,-39.39060589464084,12.535910459239254
492,-19.412246928846322,-39.849850091128864,12.221297474547235
493,-19.759622636228464,-40.30909428761689,11.906684489855216
494,-20.106998343610606,-40.768338484104916,11.592071505163183
495,-20.45437405099274,-41.227582680592946,11.277458520471164
496,-20.801749758374882,-41.686826877080975,10.962845535779145
497,-21.149125465757024,-42.146071073569004,10.648232551087112
498,-21.496501173139166,-42.605315270057034,10.333619566395093
499,-21.8438768805213,-43.06455946654506,10.019006581703074
500,-22.191252587903435,-43.523803663033085,9.704393597011041
501,-22.538628295285577,-43.98304785952112,9.389780612319022
502,-22.88600400266772,-44.44229205600914,9.075167627626989
503,-23.23337971004986,-44.901536252497166,8.76055464293497
504,-23.580755417431995,-45.360780448985196,8.445941658242951
505,-23.928131124814136,-45.820024645473225,8.131328673550918
506,-24.27550683219627,-46.279268841961255,7.816715688858899
507,-24.622882539578413,-46.738513038449284,7.502102704166866
508,-24.856299999999997,-47.0471,7.290699999999994
509,-25.19291342072666,-46.49227544192412,7.387744108355953
510,-25.529526841453325,-45.93745088384826,7.484788216711912
511,-25.866140262179997,-45.38262632577238,7.581832325067886
512,-26.20275368290666,-44.8278017676965,7.678876433423845
513,-26.539367103633325,-44.27297720962063,7.775920541779804
514,-26.87598052435999,-43.718152651544756,7.8729646501357635
515,-27.212593945086653,-43.16332809346888,7.970008758491723
516,-27.549207365813324,-42.608503535393005,8.067052866847696
517,-27.885820786539988,-42.053678977317134,8.164096975203655
518,-28.22243420726665,-41.498854419241255,8.261141083559615
519,-28.559047627993316,-40.94402986116538,8.358185191915574
520,-28.895661048719987,-40.38920530308951,8.455229300271533
521,-29.23227446944665,-39.83438074501363,8.552273408627492
522,-29.568887890173315,-39.27955618693776,8.649317516983466
523,-29.90550131089998,-38.72473162886189,8.746361625339425
524,-30.242114731626643,-38.16990707078601,8.843405733695384
525,-30.578728152353314,-37.61508251271014,8.940449842051343
526,-30.915341573079978,-37.06025795463427,9.037493950407303
527,-31.251954993806642,-36.50543339655839,9.134538058763276
528,-31.588568414533306,-35.950608838482516,9.231582167119235
529,-31.925181835259977,-35.395784280406644,9.328626275475195
530,-32.26179525598664,-34.840959722330766,9.425670383831154
531,-32.598408676713305,-34.286135164254894,9.522714492187113
532,-32.93502209743997,-33.73131060617902,9.619758600543086
533,-33.27163551816663,-33.17648604810314,9.716802708899046
534,-33.608248938893304,-32.62166149002727,9.813846817255005
535,-33.94486235961997,-32.0668369319514,9.910890925610964
536,-34.28147578034663,-31.51201237387552,10.007935033966923
537,-34.618089201073296,-30.957187815799646,10.104979142322883
538,-34.95470262179997,-30.402363257723774,10.202023250678856
539,-35.29131604252663,-29.847538699647902,10.299067359034815
540,-35.627929463253295,-29.292714141572024,10.396111467390774
541,-35.96454288397996,-28.73788958349615,10.493155575746734
542,-36.30115630470662,-28.183065025420277,10.590199684102693
543,-36.63776972543329,-27.6282404673444,10.687243792458666
544,-36.97438314615996,-27.073415909268526,10.784287900814626
545,-37.31099656688662,-26.51859135119265,10.881332009170585
546,-37.647609987613286,-25.963766793116783,10.978376117526544
547,-37.98422340833996,-25.408942235040907,11.075420225882503
548,-38.32083682906662,-24.854117676965032,11.172464334238477
549,-38.657450249793285,-24.299293118889157,11.269508442594436
550,-38.99406367051995,-23.74446856081328,11.366552550950395
551,-39.33067709124661,-23.189644002737406,11.463596659306354
552,-39.66729051197328,-22.63481944466153,11.560640767662314
553,-40.00390393269994,-22.07999488658566,11.657684876018273
554,-40.34051735342661,-21.525170328509784,11.754728984374246
555,-40.67713077415328,-20.970345770433912,11.851773092730205
556,-41.01374419487994,-20.41552121235804,11.948817201086165
557,-41.35035761560661,-19.86069665428216,12.045861309442124
558,-41.686971036333276,-19.30587209620629,12.142905417798083
559,-42.02358445705994,-18.751047538130415,12.239949526154057
560,-42.360197877786604,-18.19622298005454,12.336993634510016
561,-42.69681129851327,-17.641398421978664,12.434037742865975
562,-43.03342471923993,-17.086573863902792,12.531081851221934
563,-43.370038139966596,-16.53174930582692,12.628125959577893
564,-43.70665156069327,-15.976924747751042,12.725170067933867
565,-44.04326498141994,-15.42210018967517,12.822214176289826
566,-44.3798784021466,-14.867275631599291,12.919258284645785
567,-44.716491822873266,-14.31245107352342,13.016302393001745
568,-45.05310524359993,-13.757626515447548,13.113346501357704
569,-45.4397,-13.12042,13.224799999999995
570,-44.83354165908624,-13.32622037805278,13.36893436216949
571,-44.22738331817247,-13.53202075610556,13.513068724338986
572,-43.62122497725871,-13.73782113415834,13.657203086508481
573,-43.01506663634495,-13.94362151221112,13.801337448677977
574,-42.40890829543118,-14.149421890263902,13.945471810847472
575,-41.802749954517424,-14.355222268316682,14.089606173016968
576,-41.19659161360366,-14.561022646369462,14.233740535186463
577,-40.59043327268989,-14.766823024422242,14.377874897355959
578,-39.984274931776135,-14.972623402475023,14.522009259525454
579,-39.37811659086237,-15.178423780527803,14.66614362169495
580,-38.77195824994861,-15.384224158580583,14.810277983864445
581,-38.165799909034845,-15.590024536633363,14.95441234603394
582,-37.55964156812108,-15.795824914686143,15.098546708203436
583,-36.95348322720732,-16.00162529273892,15.242681070372932
584,-36.347324886293556,-16.207425670791704,15.386815432542427
585,-35.7411665453798,-16.413226048844486,15.530949794711923
586,-35.13500820446603,-16.619026426897264,15.675084156881418
587,-34.52884986355227,-16.824826804950046,15.819218519050914
588,-33.92269152263851,-17.030627183002828,15.963352881220409
589,-33.31653318172474,-17.236427561055606,16.107487243389905
590,-32.71037484081098,-17.442227939108385,16.2516216055594
591,-32.10421649989722,-17.648028317161167,16.395755967728896
592,-31.498058158983454,-17.85382869521395,16.53989032989839
593,-30.891899818069696,-18.059629073266727,16.684024692067887
594,-30.28574147715593,-18.26542945131951,16.828159054237382
595,-29.679583136242165,-18.471229829372287,16.972293416406877
596,-29.073424795328407,-18.67703020742507,17.116427778576373
597,-28.46726645441464,-18.882830585477848,17.26056214074587
598,-27.861108113500876,-19.08863096353063,17.404696502915364
599,-27.25494977258711,-19.29443134158341,17.54883086508486
600,-26.64879143167336,-19.50023171963619,17.692965227254355
601,-26.042633090759594,-19.70603209768897,17.83709958942385
602,-25.43647474984583,-19.91183247574175,17.981233951593346
603,-24.830316408932063,-20.117632853794532,18.12536831376284
604,-24.224158068018305,-20.32343323184731,18.269502675932337
605,-23.61799972710454,-20.529233609900093,18.413637038101832
606,-23.01184138619078,-20.73503398795287,18.557771400271328
607,-22.405683045277016,-20.940834366005653,18.70190576244081
608,-21.79952470436325,-21.14663474405843,18.846040124610305
609,-21.193366363449485,-21.352435122111213,18.9901744867798
610,-20.587208022535727,-21.558235500163992,19.134308848949296
611,-19.98104968162196,-21.764035878216774,19.27844321111879
612,-19.374891340708203,-21.969836256269552,19.422577573288287
613,-18.768732999794437,-22.175636634322338,19.566711935457782
614,-18.16257465888068,-22.381437012375116,19.710846297627278
615,-17.556416317966914,-22.587237390427894,19.854980659796773
616,-16.95025797705315,-22.793037768480676,19.99911502196627
617,-16.34409963613939,-22.99883814653346,20.143249384135764
618,-15.737941295225625,-23.204638524586237,20.28738374630526
619,-15.13178295431186,-23.410438902639015,20.431518108474755
620,-14.5256246133981,-23.616239280691797,20.57565247064425
621,-13.919466272484335,-23.82203965874458,20.719786832813746
622,-13.313307931570563,-24.027840036797357,20.86392119498324
623,-12.707149590656812,-24.233640414850136,21.008055557152737
624,-12.100991249743046,-24.439440792902918,21.152189919322232
625,-11.49483290882928,-24.6452411709557,21.296324281491728
626,-10.888674567915515,-24.851041549008478,21.440458643661223
627,-10.28251622700175,-25.05684192706126,21.58459300583072
628,-9.676357886087999,-25.262642305114042,21.728727368000214
629,-9.070199545174233,-25.46844268316682,21.87286173016971
630,-8.643600000000006,-25.61328,21.974299999999992
631,-9.257563747550734,-25.81683241822344,22.084623950041895
632,-9.871527495101475,-26.020384836446887,22.194947900083797
633,-10.485491242652202,-26.22393725467033,22.3052718501257
634,-11.099454990202943,-26.427489672893774,22.4155958001676
635,-11.71341873775367,-26.631042091117216,22.525919750209503
636,-12.327382485304405,-26.83459450934066,22.636243700251406
637,-12.941346232855139,-27.038146927564107,22.746567650293308
638,-13.555309980405866,-27.24169934578755,22.85689160033521
639,-14.1692737279566,-27.44525176401099,22.967215550377112
640,-14.783237475507335,-27.648804182234436,23.077539500419014
641,-15.397201223058069,-27.85235660045788,23.187863450460917
642,-16.011164970608803,-28.055909018681323,23.29818740050282
643,-16.625128718159537,-28.259461436904765,23.40851135054472
644,-17.23909246571027,-28.46301385512821,23.518835300586623
645,-17.853056213261,-28.666566273351656,23.629159250628526
646,-18.467019960811733,-28.870118691575097,23.739483200670428
647,-19.080983708362467,-29.07367110979854,23.84980715071233
648,-19.6949474559132,-29.277223528021985,23.960131100754232
649,-20.308911203463936,-29.48077594624543,24.070455050796134
650,-20.922874951014663,-29.684328364468872,24.180779000838037
651,-21.536838698565397,-29.887880782692317,24.29110295087994
652,-22.15080244611613,-30.09143320091576,24.40142690092184
653,-22.764766193666865,-30.294985619139204,24.511750850963743
654,-23.3787299412176,-30.498538037362646,24.622074801005645
655,-23.992693688768327,-30.70209045558609,24.732398751047548
656,-24.60665743631906,-30.905642873809533,24.84272270108945
657,-25.220621183869795,-31.10919529203298,24.953046651131352
658,-25.83458493142053,-31.31274771025642,25.063370601173254
659,-26.448548678971264,-31.516300128479866,25.173694551215156
660,-27.06251242652199,-31.71985254670331,25.28401850125706
661,-27.676476174072725,-31.923404964926753,25.39434245129896
662,-28.29043992162346,-32.1269573831502,25.504666401340863
663,-28.904403669174194,-32.33050980137364,25.614990351382765
664,-29.518367416724928,-32.53406221959708,25.725314301424667
665,-30.132331164275655,-32.73761463782053,25.83563825146657
666,-30.746294911826396,-32.94116705604397,25.945962201508472
667,-31.360258659377124,-33.14471947426742,26.056286151550374
668,-31.974222406927858,-33.34827189249086,26.166610101592276
669,-32.58818615447859,-33.5518243107143,26.27693405163418
670,-33.20214990202932,-33.75537672893775,26.38725800167608
671,-33.81611364958006,-33.958929147161186,26.497581951717983
672,-34.43007739713079,-34.16248156538464,26.607905901759885
673,-35.04404114468152,-34.36603398360808,26.718229851801787
674,-35.658004892232256,-34.56958640183152,26.82855380184369
675,-36.27196863978298,-34.77313882005497,26.93887775188559
676,-36.885932387333725,-34.976691238278406,27.049201701927494
677,-37.49989613488445,-35.18024365650186,27.159525651969396
678,-38.113859882435186,-35.383796074725296,27.2698496020113
679,-38.72782362998592,-35.587348492948735,27.3801735520532
680,-39.34178737753665,-35.79090091117219,27.490497502095103
681,-39.95575112508739,-35.994453329395625,27.600821452137005
682,-40.569714872638116,-36.19800574761907,27.711145402178907
683,-41.18367862018885,-36.401558165842516,27.82146935222081
684,-41.79764236773958,-36.605110584065955,27.93179330226271
685,-42.41160611529031,-36.80866300228941,28.042117252304614
686,-43.02556986284105,-37.012215420512845,28.152441202346516
687,-43.63953361039178,-37.21576783873629,28.26276515238842
688,-44.253497357942514,-37.419320256959736,28.37308910243032
689,-44.86746110549325,-37.622872675183174,28.483413052472223
690,-45.48142485304398,-37.82642509340663,28.593737002514125
691,-46.09538860059471,-38.029977511630065,28.704060952556027
692,-46.709352348145444,-38.2335299298535,28.81438490259793
693,-47.32331609569618,-38.43708234807695,28.92470885263983
694,-48.4246,-38.8022,29.1226
695,-48.360069200773125,-38.24698348052909,28.778904150909916
696,-48.29553840154625,-37.69176696105818,28.435208301819834
697,-48.23100760231938,-37.136550441587275,28.091512452729766
698,-48.16647680309251,-36.581333922116364,27.747816603639684
699,-48.101946003865635,-36.026117402645454,27.404120754549602
700,-48.03741520463876,-35.470900883174544,27.06042490545952
701,-47.97288440541189,-34.91568436370363,26.716729056369438
702,-47.90835360618502,-34.36046784423273,26.37303320727937
703,-47.843822806958144,-33.80525132476182,26.029337358189288
704,-47.77929200773127,-33.25003480529091,25.685641509099206
705,-47.7147612085044,-32.69481828582,25.341945660009124
706,-47.650230409277526,-32.13960176634909,24.99824981091904
707,-47.58569961005065,-31.58438524687818,24.65455396182896
708,-47.52116881082378,-31.029168727407274,24.31085811273889
709,-47.45663801159691,-30.473952207936364,23.96716226364881
710,-47.392107212370036,-29.918735688465453,23.623466414558727
711,-47.32757641314316,-29.363519168994547,23.279770565468645
712,-47.26304561391629,-28.808302649523636,22.936074716378563
713,-47.19851481468942,-28.25308613005273,22.592378867288495
714,-47.133984015462545,-27.69786961058182,22.248683018198413
715,-47.06945321623567,-27.14265309111091,21.90498716910833
716,-47.0049224170088,-26.587436571639998,21.56129132001825
717,-46.94039161778193,-26.03222005216909,21.217595470928167
718,-46.875860818555054,-25.477003532698184,20.8738996218381
719,-46.81133001932818,-24.921787013227274,20.530203772748017
720,-46.74679922010131,-24.366570493756363,20.186507923657935
721,-46.682268420874436,-23.811353974285456,19.842812074567853
722,-46.617737621647564,-23.256137454814546,19.49911622547777
723,-46.55320682242069,-22.700920935343635,19.15542037638769
724,-46.48867602319382,-22.145704415872725,18.81172452729762
725,-46.424145223966946,-21.59048789640182,18.46802867820754
726,-46.35961442474007,-21.03527137693091,18.124332829117456
727,-46.2950836255132,-20.48005485746,17.780636980027374
728,-46.23055282628633,-19.924838337989094,17.436941130937306
729,-46.166022027059455,-19.369621818518183,17.093245281847224
730,-46.10149122783258,-18.814405299047273,16.749549432757142
731,-46.03696042860571,-18.259188779576366,16.40585358366706
732,-45.97242962937884,-17.70397226010546,16.062157734576978
733,-45.907898830151964,-17.14875574063455,15.718461885486896
734,-45.84336803092509,-16.59353922116364,15.374766036396828
735,-45.77883723169822,-16.03832270169273,15.031070187306746
736,-45.714306432471346,-15.483106182221821,14.687374338216664
737,-45.649775633244474,-14.92788966275091,14.343678489126582
738,-45.5852448340176,-14.37267314328,13.9999826400365
739,-45.52071403479073,-13.817456623809093,13.656286790946432
740,-45.456183235563856,-13.262240104338183,13.31259094185635
741,-45.4397,-13.12042,13.224799999999995
742,-45.981862914876864,-13.316973064951332,13.537821901173793
743,-46.524025829753725,-13.513526129902663,13.85084380234759
744,-47.066188744630594,-13.710079194853996,14.163865703521388
745,-47.60835165950746,-13.906632259805328,14.476887604695186
746,-48.150514574384324,-14.10318532475666,14.789909505868984
747,-48.692677489261186,-14.299738389707993,15.102931407042782
748,-49.234840404138055,-14.496291454659325,15.41595330821658
749,-49.77700331901492,-14.692844519610658,15.728975209390377
750,-50.319166233891785,-14.88939758456199,16.041997110564175
751,-50.86132914876865,-15.085950649513322,16.355019011737973
752,-51.403492063645515,-15.282503714464655,16.668040912911756
753,-51.94565497852238,-15.479056779415988,16.981062814085554
754,-52.487817893399246,-15.675609844367319,17.294084715259352
755,-53.02998080827611,-15.872162909318652,17.60710661643315
756,-53.572143723152976,-16.068715974269985,17.920128517606948
757,-54.11430663802984,-16.265269039221316,18.233150418780745
758,-54.65646955290671,-16.461822104172647,18.546172319954543
759,-55.19863246778357,-16.65837516912398,18.85919422112834
760,-55.74079538266044,-16.854928234075313,19.17221612230214
761,-56.2829582975373,-17.051481299026648,19.485238023475937
762,-56.82512121241417,-17.24803436397798,19.798259924649734
763,-57.36728412729103,-17.44458742892931,20.111281825823532
764,-57.9094470421679,-17.64114049388064,20.42430372699733
765,-58.45160995704476,-17.837693558831972,20.737325628171128
766,-58.99377287192163,-18.034246623783307,21.050347529344926
767,-59.53593578679849,-18.23079968873464,21.363369430518723
768,-60.07809870167536,-18.42735275368597,21.67639133169252
769,-60.62026161655222,-18.623905818637304,21.98941323286632
770,-61.16242453142908,-18.820458883588636,22.302435134040117
771,-61.70458744630595,-19.01701194853997,22.615457035213915
772,-62.24675036118282,-19.213565013491298,22.928478936387698
773,-62.78891327605968,-19.410118078442633,23.24150083756151
774,-63.33107619093654,-19.606671143393967,23.554522738735294
775,-63.87323910581341,-19.8032242083453,23.86754463990909
776,-64.41540202069028,-19.99977727329663,24.18056654108289
777,-64.95756493556715,-20.19633033824796,24.493588442256687
778,-65.499727850444,-20.392883403199296,24.806610343430485
779,-66.04189076532087,-20.589436468150627,25.119632244604283
780,-66.58405368019774,-20.785989533101958,25.43265414577808
781,-67.1262165950746,-20.982542598053293,25.74567604695188
782,-67.66837950995146,-21.179095663004624,26.058697948125676
783,-68.21054242482833,-21.375648727955955,26.371719849299474
784,-68.7527053397052,-21.572201792907286,26.684741750473272
785,-69.29486825458207,-21.76875485785862,26.99776365164707
786,-69.83703116945892,-21.965307922809952,27.310785552820867
787,-70.3791940843358,-22.161860987761287,27.623807453994665
788,-70.92135699921266,-22.358414052712618,27.936829355168463
789,-71.46351991408952,-22.55496711766395,28.24985125634226
790,-72.00568282896639,-22.75152018261528,28.56287315751606
791,-72.54784574384325,-22.948073247566615,28.875895058689842
792,-73.3988,-23.256573999999997,29.367200000000004
793,-73.38037402243806,-22.61775710630781,29.21843876879931
794,-73.36194804487612,-21.97894021261562,29.0696775375986
795,-73.34352206731417,-21.340123318923432,28.920916306397906
796,-73.32509608975222,-20.70130642523124,28.772155075197198
797,-73.30667011219028,-20.06248953153905,28.623393843996503
798,-73.28824413462833,-19.423672637846863,28.474632612795794
799,-73.26981815706638,-18.784855744154672,28.3258713815951
800,-73.25139217950444,-18.14603885046248,28.17711015039439
801,-73.2329662019425,-17.507221956770294,28.028348919193697
802,-73.21454022438056,-16.868405063078104,27.879587687993002
803,-73.19611424681861,-16.229588169385913,27.730826456792293
804,-73.17768826925666,-15.590771275693724,27.5820652255916
805,-73.15926229169472,-14.951954382001533,27.43330399439089
806,-73.14083631413277,-14.313137488309344,27.284542763190196
807,-73.12241033657082,-13.674320594617154,27.135781531989487
808,-73.10398435900888,-13.035503700924965,26.987020300788792
809,-73.08555838144694,-12.396686807232777,26.838259069588084
810,-73.067132403885,-11.757869913540587,26.68949783838739
811,-73.04870642632305,-11.119053019848398,26.540736607186695
812,-73.0302804487611,-10.480236126156207,26.391975375985986
813,-73.01185447119916,-9.841419232464016,26.24321414478529
814,-72.99342849363721,-9.202602338771827,26.094452913584583
815,-72.97500251607526,-8.563785445079638,25.945691682383888
816,-72.95657653851333,-7.924968551387449,25.79693045118318
817,-72.93815056095139,-7.2861516576952585,25.648169219982485
818,-72.91972458338944,-6.647334764003066,25.499407988781776
819,-72.90129860582749,-6.008517870310879,25.35064675758108
820,-72.88287262826555,-5.369700976618688,25.201885526380373
821,-72.8644466507036,-4.730884082926497,25.05312429517968
822,-72.84602067314165,-4.092067189234307,24.904363063978984
823,-72.8275946955797,-3.4532502955421194,24.755601832778275
824,-72.80916871801777,-2.8144334018499286,24.60684060157758
825,-72.79074274045583,-2.175616508157738,24.458079370376872
826,-72.77231676289388,-1.5367996144655542,24.309318139176177
827,-72.75389078533193,-0.8979827207733599,24.16055690797547
828,-72.73546480776999,-0.25916582708117275,24.011795676774774
829,-72.71703883020804,0.37965106661102155,23.863034445574066
830,-72.6986128526461,1.0184679603032052,23.71427321437337
831,-72.68018687508416,1.6572848539953995,23.565511983172676
832,-72.66176089752221,2.2961017476875867,23.416750751971968
833,-72.64333491996027,2.9349186413797774,23.267989520771273
834,-72.62490894239832,3.573735535071968,23.119228289570565
835,-72.60648296483637,4.212552428764159,22.97046705836987
836,-72.58805698727443,4.851369322456346,22.82170582716916
837,-72.56963100971248,5.490186216148537,22.672944595968467
838,-72.55120503215053,6.129003109840724,22.524183364767772
839,-72.5327790545886,6.767820003532915,22.375422133567064
840,-72.51435307702666,7.406636897225102,22.22666090236637
841,-72.49592709946471,8.045453790917293,22.07789967116566
842,-72.47750112190276,8.684270684609483,21.929138439964966
843,-72.45907514434082,9.323087578301674,21.780377208764257
844,-72.44064916677887,9.961904471993861,21.631615977563563
845,-72.42222318921692,10.600721365686049,21.482854746362854
846,-72.40379721165498,11.239538259378236,21.33409351516216
847,-72.38537123409304,11.87835515307043,21.18533228396145
848,-72.3669452565311,12.517172046762617,21.036571052760756
849,-72.34851927896915,13.155988940454804,20.88780982156006
850,-72.3300933014072,13.794805834146999,20.739048590359353
851,-72.31536,14.305599999999998,20.6201
852,-71.86439260313645,13.845397688848294,20.496008565965447
853,-71.41342520627292,13.38519537769659,20.371917131930907
854,-70.96245780940937,12.924993066544886,20.247825697896353
855,-70.51149041254584,12.464790755393182,20.123734263861813
856,-70.06052301568229,12.004588444241477,19.99964282982726
857,-69.60955561881875,11.544386133089773,19.875551395792705
858,-69.15858822195521,11.084183821938069,19.751459961758165
859,-68.70762082509167,10.623981510786358,19.62736852772361
860,-68.25665342822813,10.163779199634654,19.50327709368907
861,-67.80568603136459,9.70357688848295,19.379185659654517
862,-67.35471863450104,9.243374577331245,19.255094225619963
863,-66.90375123763751,8.783172266179541,19.131002791585423
864,-66.45278384077396,8.322969955027837,19.00691135755087
865,-66.00181644391043,7.862767643876133,18.88281992351633
866,-65.55084904704688,7.4025653327244285,18.758728489481776
867,-65.09988165018333,6.942363021572724,18.63463705544722
868,-64.64891425331979,6.48216071042102,18.510545621412682
869,-64.19794685645626,6.021958399269316,18.386454187378128
870,-63.746979459592716,5.561756088117612,18.262362753343588
871,-63.29601206272917,5.101553776965904,18.138271319309034
872,-62.84504466586563,4.6413514658142,18.01417988527448
873,-62.39407726900209,4.181149154662496,17.89008845123994
874,-61.94310987213855,3.7209468435107915,17.765997017205386
875,-61.492142475275,3.2607445323590873,17.641905583170846
876,-61.04117507841146,2.800542221207383,17.517814149136292
877,-60.59020768154792,2.3403399100556754,17.393722715101738
878,-60.139240284684384,1.8801375989039713,17.2696312810672
879,-59.688272887820844,1.419935287752267,17.145539847032644
880,-59.2373054909573,0.9597329766005629,17.02144841299809
881,-58.78633809409375,0.4995306654488587,16.89735697896355
882,-58.33537069723022,0.03932835429715453,16.773265544928996
883,-57.88440330036667,-0.42087395685454965,16.649174110894457
884,-57.43343590350313,-0.8810762680062574,16.525082676859903
885,-56.98246850663959,-1.341278579157958,16.400991242825363
886,-56.53150110977605,-1.8014808903096657,16.27689980879081
887,-56.080533712912505,-2.26168320146137,16.152808374756255
888,-55.629566316048965,-2.7218855126130777,16.028716940721715
889,-55.178598919185426,-3.1820878237647783,15.904625506687161
890,-54.727631522321886,-3.642290134916486,15.780534072652607
891,-54.27666412545834,-4.10249244606819,15.656442638618067
892,-53.8256967285948,-4.562694757219891,15.532351204583513
893,-53.37472933173126,-5.0228970683715986,15.408259770548973
894,-52.92376193486771,-5.483099379523303,15.28416833651442
895,-52.47279453800417,-5.943301690675007,15.16007690247988
896,-52.02182714114063,-6.403504001826711,15.035985468445325
897,-51.570859744277094,-6.863706312978415,14.911894034410771
898,-51.11989234741355,-7.3239086241301194,14.787802600376232
899,-50.668924950550014,-7.784110935281824,14.663711166341677
900,-50.21795755368647,-8.244313246433528,14.539619732307123
901,-49.76699015682293,-8.704515557585232,14.415528298272584
902,-49.31602275995938,-9.16471786873694,14.29143686423803
903,-48.86505536309584,-9.624920179888644,14.16734543020349
904,-48.4140879662323,-10.085122491040352,14.043253996168936
905,-47.96312056936876,-10.545324802192052,13.919162562134396
906,-47.51215317250522,-11.005527113343756,13.795071128099842
907,-47.06118577564168,-11.46572942449546,13.670979694065288
908,-46.610218378778136,-11.925931735647168,13.546888260030748
909,-46.159250981914596,-12.386134046798876,13.422796825996194
910,-45.70828358505105,-12.84633635795058,13.29870539196164
911,-45.4397,-13.12042,13.224799999999995
912,-46.088620630347734,-13.067253096315806,13.143364503527458
913,-46.73754126069548,-13.014086192631613,13.061929007054935
914,-47.38646189104322,-12.96091928894742,12.980493510582399
915,-48.03538252139096,-12.907752385263226,12.899058014109862
916,-48.684303151738696,-12.854585481579033,12.817622517637325
917,-49.333223782086435,-12.801418577894841,12.736187021164803
918,-49.98214441243418,-12.748251674210648,12.654751524692266
919,-50.63106504278191,-12.695084770526455,12.573316028219729
920,-51.27998567312966,-12.641917866842261,12.491880531747192
921,-51.92890630347739,-12.588750963158068,12.41044503527467
922,-52.577826933825136,-12.535584059473875,12.329009538802133
923,-53.226747564172875,-12.482417155789681,12.247574042329596
924,-53.875668194520614,-12.429250252105488,12.166138545857073
925,-54.52458882486835,-12.376083348421295,12.084703049384537
926,-55.17350945521609,-12.322916444737102,12.003267552912
927,-55.82243008556384,-12.269749541052908,11.921832056439463
928,-56.47135071591157,-12.216582637368717,11.84039655996694
929,-57.120271346259315,-12.163415733684523,11.758961063494404
930,-57.769191976607054,-12.11024883000033,11.677525567021867
931,-58.41811260695479,-12.057081926316137,11.596090070549344
932,-59.06703323730253,-12.003915022631944,11.514654574076808
933,-59.71595386765027,-11.95074811894775,11.43321907760427
934,-60.36487449799801,-11.897581215263557,11.351783581131734
935,-61.01379512834575,-11.844414311579364,11.270348084659211
936,-61.662715758693494,-11.79124740789517,11.188912588186675
937,-62.311636389041226,-11.738080504210977,11.107477091714138
938,-62.96055701938897,-11.684913600526784,11.026041595241615
939,-63.60947764973671,-11.63174669684259,10.944606098769079
940,-64.25839828008445,-11.578579793158397,10.863170602296542
941,-64.9073189104322,-11.525412889474206,10.781735105824005
942,-65.55623954077993,-11.472245985790012,10.700299609351482
943,-66.20516017112767,-11.419079082105819,10.618864112878946
944,-66.8540808014754,-11.365912178421626,10.537428616406409
945,-67.50300143182315,-11.312745274737432,10.455993119933872
946,-68.15192206217088,-11.259578371053239,10.37455762346135
947,-68.80084269251863,-11.206411467369046,10.293122126988813
948,-69.44976332286637,-11.153244563684853,10.211686630516276
949,-70.0986839532141,-11.10007766000066,10.130251134043753
950,-70.74760458356184,-11.046910756316466,10.048815637571217
951,-71.39652521390958,-10.993743852632273,9.96738014109868
952,-72.04544584425733,-10.940576948948081,9.885944644626143
953,-72.69436647460506,-10.887410045263888,9.80450914815362
954,-73.34328710495281,-10.834243141579694,9.723073651681084
955,-73.99220773530055,-10.781076237895501,9.641638155208547
956,-74.64112836564829,-10.727909334211308,9.56020265873601
957,-75.29004899599602,-10.674742430527115,9.478767162263487
958,-75.93896962634376,-10.621575526842921,9.39733166579095
959,-76.58789025669151,-10.568408623158728,9.315896169318414
960,-77.23681088703924,-10.515241719474535,9.234460672845891
961,-77.88573151738699,-10.462074815790341,9.153025176373355
962,-78.53465214773472,-10.408907912106148,9.071589679900818
963,-79.18357277808246,-10.355741008421955,8.990154183428281
964,-79.8324934084302,-10.302574104737761,8.908718686955758
965,-80.48141403877794,-10.24940720105357,8.827283190483222
966,-81.13033466912567,-10.196240297369377,8.745847694010685
967,-81.77925529947342,-10.143073393685183,8.664412197538162
968,-82.42817592982117,-10.08990649000099,8.582976701065625
969,-83.0770965601689,-10.036739586316797,8.501541204593089
970,-83.72601719051664,-9.983572682632603,8.420105708120552
971,-84.37493782086437,-9.93040577894841,8.33867021164803
972,-85.02385845121212,-9.877238875264219,8.257234715175493
973,-85.67277908155985,-9.824071971580025,8.175799218702956
974,-86.3216997119076,-9.770905067895832,8.094363722230433
975,-86.97062034225534,-9.717738164211639,8.012928225757896
976,-87.61954097260308,-9.664571260527445,7.93149272928536
977,-88.26846160295082,-9.611404356843252,7.850057232812823
978,-88.91738223329855,-9.558237453159059,7.7686217363403
979,-89.56630286364629,-9.505070549474866,7.6871862398677635
980,-90.4252,-9.4347,7.5794
981,-89.92456371917078,-9.024170713052587,7.4726973144670765
982,-89.42392743834156,-8.613641426105177,7.365994628934153
983,-88.92329115751234,-8.203112139157767,7.25929194340123
984,-88.42265487668313,-7.792582852210355,7.152589257868321
985,-87.9220185958539,-7.382053565262943,7.045886572335398
986,-87.42138231502469,-6.971524278315533,6.939183886802475
987,-86.92074603419547,-6.560994991368119,6.832481201269552
988,-86.42010975336625,-6.150465704420711,6.7257785157366285
989,-85.91947347253704,-5.739936417473299,6.619075830203705
990,-85.41883719170781,-5.329407130525887,6.512373144670782
991,-84.9182009108786,-4.918877843578478,6.405670459137859
992,-84.41756463004937,-4.508348556631066,6.29896777360495
993,-83.91692834922016,-4.097819269683654,6.192265088072027
994,-83.41629206839093,-3.6872899827362424,6.085562402539104
995,-82.91565578756172,-3.2767606957888304,5.978859717006181
996,-82.41501950673249,-2.866231408841422,5.872157031473257
997,-81.91438322590328,-2.45570212189401,5.765454345940334
998,-81.41374694507405,-2.045172834946598,5.658751660407411
999,-80.91311066424484,-1.6346435479991896,5.552048974874502
1000,-80.41247438341563,-1.2241142610517741,5.445346289341579
1001,-79.9118381025864,-0.8135849741043657,5.338643603808656
1002,-79.41120182175719,-0.4030556871569537,5.231940918275733
1003,-78.91056554092796,0.007473599790458252,5.125238232742809
1004,-78.40992926009875,0.4180028867378667,5.018535547209886
1005,-77.90929297926952,0.8285321736852822,4.911832861676963
1006,-77.40865669844031,1.2390614606326906,4.80513017614404
1007,-76.90802041761108,1.649590747580099,4.698427490611131
1008,-76.40738413678187,2.0601200345275146,4.591724805078208
1009,-75.90674785595266,2.470649321474923,4.485022119545285
1010,-75.40611157512343,2.8811786084223385,4.3783194340123615
1011,-74.90547529429422,3.291707895369747,4.271616748479438
1012,-74.404839013465,3.702237182317159,4.164914062946515
1013,-73.90420273263578,4.112766469264571,4.058211377413592
1014,-73.40356645180655,4.523295756211979,3.951508691880683
1015,-72.90293017097734,4.933825043159391,3.84480600634776
1016,-72.40229389014812,5.344354330106803,3.7381033208148366
1017,-71.9016576093189,5.754883617054215,3.6314006352819135
1018,-71.40102132848969,6.165412904001624,3.5246979497489903
1019,-70.90038504766046,6.575942190949039,3.417995264216067
1020,-70.39974876683124,6.986471477896448,3.311292578683144
1021,-69.89911248600202,7.39700076484386,3.204589893150235
1022,-69.39847620517281,7.807530051791268,3.097887207617312
1023,-68.89783992434359,8.218059338738684,2.9911845220843887
1024,-68.39720364351436,8.628588625686092,2.8844818365514655
1025,-67.89656736268515,9.039117912633504,2.7777791510185423
1026,-67.39593108185593,9.449647199580909,2.671076465485619
1027,-66.89529480102671,9.860176486528331,2.564373779952703
1028,-66.3946585201975,10.270705773475733,2.45767109441978
1029,-65.89402223936827,10.681235060423148,2.3509684088868568
1030,-65.39338595853906,11.091764347370557,2.2442657233539407
1031,-64.89274967770983,11.502293634317972,2.1375630378210175
1032,-64.39211339688062,11.912822921265388,2.0308603522880944
1033,-63.89147711605139,12.323352208212796,1.9241576667551712
1034,-63.39084083522218,12.733881495160205,1.8174549812222551
1035,-62.890204554392966,13.144410782107613,1.710752295689332
1036,-62.38956827356374,13.554940069055029,1.6040496101564088
1037,-61.88893199273452,13.965469356002444,1.4973469246234856
1038,-61.3882957119053,14.375998642949853,1.3906442390905696
1039,-60.88765943107609,14.786527929897261,1.2839415535576464
1040,-60.38702315024686,15.19705721684467,1.1772388680247232
1041,-59.88638686941765,15.607586503792078,1.0705361824918
1042,-59.38575058858843,16.018115790739486,0.963833496958884
1043,-58.88511430775921,16.42864507768691,0.8571308114259608
1044,-58.38447802692998,16.839174364634317,0.7504281258930376
1045,-57.88384174610077,17.249703651581726,0.6437254403601216
1046,-57.383205465271544,17.66023293852914,0.5370227548271984
1047,-56.88256918444233,18.07076222547655,0.43032006929427524
1048,-56.38193290361312,18.481291512423958,0.3236173837613521
1049,-55.88129662278389,18.891820799371374,0.216914698228436
1050,-55.38066034195468,19.302350086318782,0.11021201269551284
1051,-54.880024061125454,19.712879373266198,0.0035093271625896705
1052,-54.37938778029624,20.123408660213606,-0.1031933583703264
1053,-53.878751499467015,20.53393794716102,-0.20989604390324956
1054,-53.3781152186378,20.94446723410843,-0.31659872943617273
1055,-52.877478937808576,21.35499652105584,-0.4233014149690959
1056,-52.37684265697936,21.765525808003247,-0.530004100502012
1057,-51.87620637615015,22.176055094950655,-0.6367067860349351
1058,-51.375570095320924,22.586584381898078,-0.7434094715678583
1059,-50.87493381449171,22.997113668845486,-0.8501121571007744
1060,-50.4363,23.3568,-0.9436000000000035
1061,-50.353191896954435,22.750076916588135,-0.7079379803885146
1062,-50.27008379390887,22.14335383317627,-0.4722759607770186
1063,-50.18697569086331,21.536630749764406,-0.2366139411655297
1064,-50.103867587817746,20.92990766635254,-0.0009519215540407799
1065,-50.02075948477218,20.323184582940677,0.23471009805744814
1066,-49.93765138172661,19.716461499528812,0.47037211766894416
1067,-49.85454327868105,19.10973841611694,0.7060341372804331
1068,-49.77143517563548,18.503015332705075,0.941696156891922
1069,-49.688327072589914,17.89629224929321,1.177358176503418
1070,-49.60521896954435,17.289569165881346,1.413020196114907
1071,-49.52211086649879,16.68284608246948,1.6486822157263958
1072,-49.439002763453225,16.076122999057617,1.8843442353378848
1073,-49.35589466040766,15.469399915645752,2.1200062549493808
1074,-49.272786557362096,14.862676832233888,2.3556682745608697
1075,-49.189678454316535,14.255953748822023,2.5913302941723586
1076,-49.10657035127097,13.649230665410158,2.8269923137838546
1077,-49.0234622482254,13.042507581998294,3.0626543333953364
1078,-48.94035414517984,12.435784498586429,3.2983163530068325
1079,-48.85724604213428,11.829061415174564,3.5339783726183285
1080,-48.77413793908871,11.2223383317627,3.7696403922298103
1081,-48.69102983604314,10.615615248350835,4.005302411841306
1082,-48.60792173299758,10.00889216493897,4.240964431452802
1083,-48.52481362995202,9.402169081527099,4.476626451064284
1084,-48.44170552690645,8.795445998115234,4.71228847067578
1085,-48.358597423860886,8.18872291470337,4.947950490287262
1086,-48.275489320815325,7.581999831291505,5.183612509898758
1087,-48.19238121776976,6.975276747879644,5.419274529510254
1088,-48.10927311472419,6.368553664467775,5.654936549121736
1089,-48.02616501167863,5.761830581055911,5.890598568733232
1090,-47.94305690863307,5.1551074976440425,6.126260588344728
1091,-47.8599488055875,4.548384414232181,6.36192260795621
1092,-47.77684070254193,3.9416613308203132,6.597584627567706
1093,-47.69373259949637,3.3349382474084486,6.833246647179202
1094,-47.61062449645081,2.728215163996584,7.0689086667906835
1095,-47.52751639340524,2.121492080584723,7.3045706864021795
1096,-47.444408290359675,1.5147689971728546,7.540232706013676
1097,-47.361300187314114,0.90804591376099,7.775894725625157
1098,-47.278192084268554,0.3013228303491253,8.011556745236653
1099,-47.195083981222986,-0.3054002530627429,8.24721876484815
1100,-47.11197587817742,-0.9121233364746075,8.482880784459631
1101,-47.02886777513186,-1.5188464198864722,8.718542804071127
1102,-46.94575967208629,-2.125569503298337,8.954204823682609
1103,-46.86265156904072,-2.732292586710205,9.189866843294105
1104,-46.77954346599516,-3.339015670122066,9.425528862905601
1105,-46.6964353629496,-3.9457387535339308,9.661190882517083
1106,-46.61332725990403,-4.552461836945799,9.896852902128579
1107,-46.530219156858465,-5.159184920357664,10.132514921740075
1108,-46.447111053812904,-5.765908003769528,10.368176941351557
1109,-46.36400295076734,-6.372631087181389,10.603838960963053
1110,-46.280894847721775,-6.979354170593261,10.839500980574535
1111,-46.19778674467621,-7.586077254005122,11.07516300018603
1112,-46.11467864163065,-8.192800337416994,11.310825019797527
1113,-46.03157053858508,-8.799523420828855,11.546487039409008
1114,-45.94846243553952,-9.406246504240713,11.782149059020504
1115,-45.86535433249395,-10.012969587652584,12.017811078632
1116,-45.78224622944839,-10.619692671064449,12.253473098243482
1117,-45.69913812640282,-11.226415754476314,12.489135117854978
1118,-45.616030023357254,-11.833138837888178,12.724797137466474
1119,-45.53292192031169,-12.43986192130005,12.960459157077956
1120,-45.4397,-13.12042,13.224799999999995
1121,-44.832573459597825,-12.945116131285562,13.048101494694926
1122,-44.22544691919566,-12.769812262571124,12.871402989389857
1123,-43.61832037879349,-12.594508393856687,12.694704484084802
1124,-43.01119383839132,-12.419204525142248,12.518005978779733
1125,-42.40406729798915,-12.243900656427812,12.341307473474664
1126,-41.79694075758698,-12.068596787713375,12.164608968169595
1127,-41.18981421718482,-11.893292918998936,11.987910462864527
1128,-40.58268767678265,-11.7179890502845,11.811211957559472
1129,-39.97556113638048,-11.54268518157006,11.634513452254403
1130,-39.36843459597831,-11.367381312855624,11.457814946949334
1131,-38.76130805557614,-11.192077444141185,11.281116441644265
1132,-38.15418151517397,-11.016773575426749,11.10441793633921
1133,-37.5470549747718,-10.84146970671231,10.927719431034141
1134,-36.939928434369634,-10.666165837997873,10.751020925729073
1135,-36.332801893967456,-10.490861969283436,10.574322420424004
1136,-35.72567535356529,-10.315558100569,10.397623915118935
1137,-35.11854881316312,-10.140254231854561,10.22092540981388
1138,-34.51142227276095,-9.964950363140122,10.044226904508811
1139,-33.90429573235878,-9.789646494425686,9.867528399203742
1140,-33.29716919195661,-9.614342625711249,9.690829893898673
1141,-32.69004265155444,-9.43903875699681,9.514131388593604
1142,-32.08291611115227,-9.263734888282372,9.33743288328855
1143,-31.47578957075011,-9.088431019567935,9.16073437798348
1144,-30.86866303034794,-8.913127150853498,8.984035872678412
1145,-30.26153648994577,-8.737823282139061,8.807337367373343
1146,-29.6544099495436,-8.562519413424623,8.630638862068274
1147,-29.04728340914143,-8.387215544710186,8.45394035676322
1148,-28.440156868739265,-8.211911675995747,8.27724185145815
1149,-27.833030328337088,-8.03660780728131,8.100543346153081
1150,-27.225903787934925,-7.8613039385668735,7.923844840848012
1151,-26.618777247532748,-7.686000069852435,7.747146335542958
1152,-26.011650707130585,-7.510696201137998,7.570447830237889
1153,-25.404524166728415,-7.3353923324235595,7.39374932493282
1154,-24.797397626326244,-7.160088463709123,7.217050819627751
1155,-24.190271085924074,-6.984784594994686,7.040352314322682
1156,-23.583144545521904,-6.809480726280247,6.863653809017627
1157,-22.976018005119734,-6.634176857565809,6.686955303712558
1158,-22.368891464717564,-6.458872988851372,6.5102567984074895
1159,-21.7617649243154,-6.283569120136935,6.333558293102421
1160,-21.15463838391323,-6.108265251422498,6.156859787797352
1161,-20.54751184351106,-5.932961382708058,5.980161282492297
1162,-19.94038530310889,-5.757657513993621,5.803462777187228
1163,-19.33325876270672,-5.582353645279184,5.626764271882159
1164,-18.72613222230455,-5.407049776564747,5.45006576657709
1165,-18.119005681902387,-5.231745907850311,5.2733672612720355
1166,-17.511879141500216,-5.056442039135874,5.096668755966967
1167,-16.904752601098046,-4.881138170421433,4.919970250661898
1168,-16.297626060695876,-4.705834301706997,4.743271745356829
1169,-15.690499520293713,-4.53053043299256,4.56657324005176
1170,-15.083372979891536,-4.355226564278119,4.389874734746705
1171,-14.476246439489373,-4.179922695563683,4.213176229441636
1172,-13.869119899087195,-4.004618826849246,4.036477724136567
1173,-13.261993358685032,-3.829314958134809,3.8597792188314983
1174,-12.65486681828287,-3.654011089420372,3.6830807135264294
1175,-12.047740277880692,-3.4787072207059353,3.5063822082213747
1176,-11.440613737478529,-3.3034033519914985,3.3296837029163058
1177,-10.833487197076352,-3.128099483277058,3.152985197611237
1178,-10.226360656674188,-2.9527956145626213,2.976286692306168
1179,-9.619234116272011,-2.777491745848181,2.7995881870011132
1180,-9.012107575869848,-2.602187877133744,2.622889681696037
1181,-8.404981035467685,-2.4268840084193073,2.4461911763909754
1182,-7.797854495065508,-2.2515801397048705,2.2694926710859065
1183,-7.190727954663345,-2.0762762709904337,2.0927941657808447
1184,-6.583601414261167,-1.9009724022759968,1.9160956604757757
1185,-5.976474873859004,-1.72566853356156,1.7393971551707068
1186,-5.369348333456827,-1.5503646648471197,1.562698649865645
1187,-4.762221793054664,-1.3750607961326793,1.386000144560576
1188,-4.155095252652487,-1.199756927418246,1.2093016392555143
1189,-3.5479687122503236,-1.0244530587038057,1.0326031339504453
1190,-2.9408421718481463,-0.8491491899893688,0.8559046286453835
1191,-2.3337156314459833,-0.673845321274932,0.6792061233403146
1192,-1.7265890910438202,-0.4985414525604952,0.5025076180352457
1193,-1.119462550641643,-0.3232375838460584,0.32580911273018387
1194,-0.5123360102394656,-0.14793371513162157,0.14911060742511495
1195,0.0,0.0,0.0
1196,-0.5099892143331743,0.1705560003947717,0.3760027875124976
1197,-1.0199784286663487,0.34111200078954695,0.7520055750250023
1198,-1.529967642999523,0.5116680011843187,1.1280083625375
1199,-2.0399568573326974,0.6822240015790904,1.5040111500499975
1200,-2.5499460716658717,0.8527800019738656,1.8800139375625022
1201,-3.059935285999046,1.0233360023686373,2.256016725075
1202,-3.5699245003322204,1.193892002763409,2.6320195125875046
1203,-4.079913714665395,1.3644480031581807,3.008022300100002
1204,-4.589902928998569,1.535004003552956,3.384025087612507
1205,-5.0998921433317435,1.7055600039477277,3.7600278751249974
1206,-5.609881357664904,1.8761160043424994,4.136030662637502
1207,-6.119870571998078,2.0466720047372746,4.512033450150007
1208,-6.629859786331252,2.2172280051320463,4.888036237662497
1209,-7.139849000664427,2.387784005526818,5.264039025175002
1210,-7.649838214997601,2.5583400059215933,5.640041812687507
1211,-8.159827429330775,2.728896006316365,6.016044600200011
1212,-8.66981664366395,2.8994520067111367,6.392047387712502
1213,-9.179805857997124,3.070008007105912,6.768050175225007
1214,-9.689795072330298,3.2405640075006836,7.144052962737511
1215,-10.199784286663473,3.4111200078954553,7.520055750250002
1216,-10.709773500996647,3.5816760082902306,7.8960585377625065
1217,-11.219762715329821,3.7522320086850023,8.272061325275011
1218,-11.729751929662996,3.922788009079774,8.648064112787502
1219,-12.23974114399617,4.093344009474549,9.024066900300006
1220,-12.749730358329344,4.263900009869321,9.400069687812511
1221,-13.259719572662519,4.434456010264093,9.776072475325002
1222,-13.769708786995686,4.605012010658864,10.152075262837506
1223,-14.27969800132886,4.77556801105364,10.528078050350011
1224,-14.789687215662042,4.946124011448411,10.904080837862502
1225,-15.299676429995209,5.1166800118431865,11.280083625375006
1226,-15.809665644328383,5.287236012237955,11.656086412887511
1227,-16.319654858661558,5.45779201263273,12.032089200400002
1228,-16.829644072994732,5.628348013027502,12.408091987912506
1229,-17.3396332873279,5.798904013422273,12.784094775425011
1230,-17.849622501661074,5.969460013817049,13.160097562937516
1231,-18.359611715994248,6.14001601421182,13.536100350450006
1232,-18.869600930327422,6.310572014606596,13.91210313796251
1233,-19.379590144660597,6.481128015001367,14.288105925475016
1234,-19.88957935899377,6.651684015396139,14.664108712987506
1235,-20.399568573326945,6.822240015790914,15.04011150050001
1236,-20.90955778766012,6.992796016185686,15.416114288012515
1237,-21.419547001993294,7.163352016580458,15.792117075525006
1238,-21.92953621632647,7.333908016975233,16.16811986303751
1239,-22.439525430659643,7.504464017370005,16.544122650550015
1240,-22.949514644992817,7.675020017764776,16.920125438062506
1241,-23.45950385932599,7.845576018159548,17.29612822557501
1242,-23.969493073659166,8.016132018554323,17.672131013087515
1243,-24.479482287992333,8.186688018949095,18.04813380060002
1244,-24.989471502325515,8.357244019343867,18.42413658811251
1245,-25.49946071665869,8.527800019738642,18.800139375625015
1246,-26.009449930991856,8.698356020133414,19.17614216313752
1247,-26.51943914532503,8.868912020528185,19.55214495065001
1248,-27.029428359658212,9.03946802092296,19.928147738162515
1249,-27.539417573991372,9.210024021317729,20.30415052567502
1250,-28.049406788324553,9.380580021712504,20.68015331318751
1251,-28.55939600265772,9.55113602210728,21.056156100700015
1252,-29.1633,9.753100000000003,21.501399999999997
1253,-28.834024215503185,9.185582320925143,21.508988537770456
1254,-28.504748431006377,8.618064641850285,21.516577075540916
1255,-28.17547264650956,8.050546962775424,21.524165613311375
1256,-27.846196862012746,7.483029283700567,21.53175415108185
1257,-27.51692107751594,6.915511604625706,21.539342688852308
1258,-27.187645293019123,6.347993925550849,21.546931226622767
1259,-26.85836950852231,5.780476246475988,21.554519764393227
1260,-26.5290937240255,5.212958567401131,21.562108302163686
1261,-26.199817939528685,4.64544088832627,21.569696839934146
1262,-25.87054215503187,4.077923209251413,21.57728537770462
1263,-25.541266370535062,3.510405530176552,21.58487391547508
1264,-25.211990586038247,2.9428878511016947,21.59246245324554
1265,-24.88271480154144,2.375370172026834,21.600050991015998
1266,-24.553439017044624,1.8078524929519766,21.607639528786457
1267,-24.22416323254781,1.2403348138771157,21.615228066556917
1268,-23.894887448050994,0.6728171348022585,21.622816604327376
1269,-23.565611663554186,0.10529945572739763,21.63040514209785
1270,-23.23633587905737,-0.4622182233474632,21.63799367986831
1271,-22.907060094560563,-1.0297359024223205,21.64558221763877
1272,-22.57778431006375,-1.5972535814971778,21.653170755409228
1273,-22.248508525566933,-2.1647712605720386,21.660759293179687
1274,-21.919232741070118,-2.7322889396468995,21.668347830950147
1275,-21.58995695657331,-3.2998066187217567,21.67593636872062
1276,-21.260681172076495,-3.867324297796614,21.68352490649108
1277,-20.931405387579687,-4.434841976871475,21.69111344426154
1278,-20.602129603082872,-5.002359655946336,21.698701982032
1279,-20.272853818586057,-5.569877335021189,21.706290519802458
1280,-19.94357803408925,-6.13739501409605,21.713879057572917
1281,-19.614302249592434,-6.704912693170911,21.721467595343377
1282,-19.28502646509562,-7.272430372245772,21.72905613311385
1283,-18.95575068059881,-7.839948051320629,21.73664467088431
1284,-18.626474896101996,-8.40746573039549,21.74423320865477
1285,-18.29719911160518,-8.974983409470347,21.75182174642523
1286,-17.967923327108373,-9.542501088545208,21.75941028419569
1287,-17.638647542611558,-10.110018767620065,21.766998821966148
1288,-17.309371758114743,-10.677536446694926,21.77458735973662
1289,-16.980095973617935,-11.245054125769784,21.78217589750708
1290,-16.65082018912112,-11.812571804844644,21.78976443527754
1291,-16.321544404624305,-12.380089483919502,21.797352973048
1292,-15.992268620127497,-12.947607162994363,21.80494151081846
1293,-15.662992835630682,-13.51512484206922,21.81253004858892
1294,-15.333717051133874,-14.08264252114408,21.820118586359378
1295,-15.004441266637059,-14.650160200218938,21.82770712412985
1296,-14.675165482140244,-15.217677879293799,21.83529566190031
1297,-14.345889697643429,-15.785195558368656,21.84288419967077
1298,-14.016613913146621,-16.352713237443517,21.85047273744123
1299,-13.687338128649806,-16.920230916518378,21.85806127521169
1300,-13.358062344152998,-17.487748595593235,21.86564981298215
1301,-13.028786559656183,-18.05526627466809,21.873238350752622
1302,-12.699510775159368,-18.622783953742953,21.88082688852308
1303,-12.370234990662553,-19.190301632817814,21.88841542629354
1304,-12.040959206165745,-19.757819311892675,21.896003964064
1305,-11.711683421668937,-20.325336990967536,21.90359250183446
1306,-11.382407637172122,-20.892854670042386,21.91118103960492
1307,-11.053131852675307,-21.460372349117247,21.91876957737538
1308,-10.723856068178492,-22.027890028192108,21.926358115145852
1309,-10.394580283681677,-22.595407707266965,21.933946652916312
1310,-10.065304499184862,-23.162925386341826,21.94153519068677
1311,-9.736028714688047,-23.730443065416686,21.94912372845723
1312,-9.406752930191246,-24.297960744491547,21.95671226622769
1313,-9.07747714569443,-24.8654784235664,21.96430080399815
1314,-8.643600000000006,-25.61328,21.974299999999992
1315,-8.972875784496821,-25.04576232092514,21.966711462229533
1316,-9.302151568993636,-24.47824464185028,21.959122924459074
1317,-9.631427353490437,-23.91072696277542,21.951534386688614
1318,-9.960703137987252,-23.343209283700563,21.94394584891814
1319,-10.289978922484067,-22.775691604625703,21.93635731114768
1320,-10.619254706980882,-22.208173925550845,21.92876877337722
1321,-10.948530491477698,-21.640656246475984,21.921180235606762
1322,-11.277806275974513,-21.073138567401124,21.913591697836303
1323,-11.607082060471313,-20.505620888326266,21.906003160065843
1324,-11.936357844968136,-19.93810320925141,21.89841462229537
1325,-12.265633629464944,-19.370585530176548,21.89082608452491
1326,-12.594909413961759,-18.803067851101687,21.88323754675445
1327,-12.924185198458574,-18.23555017202683,21.87564900898399
1328,-13.253460982955382,-17.668032492951973,21.868060471213532
1329,-13.582736767452197,-17.100514813877112,21.860471933443073
1330,-13.912012551949005,-16.53299713480225,21.852883395672613
1331,-14.24128833644582,-15.965479455727394,21.84529485790214
1332,-14.570564120942635,-15.397961776652533,21.83770632013168
1333,-14.899839905439443,-14.830444097577676,21.83011778236122
1334,-15.229115689936258,-14.262926418502815,21.82252924459076
1335,-15.558391474433073,-13.695408739427958,21.814940706820302
1336,-15.88766725892988,-13.127891060353097,21.807352169049842
1337,-16.216943043426696,-12.56037338127824,21.79976363127937
1338,-16.54621882792351,-11.992855702203379,21.79217509350891
1339,-16.87549461242032,-11.425338023128521,21.78458655573845
1340,-17.204770396917134,-10.85782034405366,21.77699801796799
1341,-17.53404618141395,-10.290302664978803,21.76940948019753
1342,-17.863321965910757,-9.722784985903942,21.76182094242707
1343,-18.19259775040757,-9.155267306829085,21.754232404656612
1344,-18.521873534904387,-8.587749627754224,21.74664386688614
1345,-18.851149319401195,-8.020231948679367,21.73905532911568
1346,-19.18042510389801,-7.452714269604506,21.73146679134522
1347,-19.509700888394825,-6.885196590529649,21.72387825357476
1348,-19.838976672891633,-6.317678911454788,21.7162897158043
1349,-20.168252457388448,-5.750161232379931,21.70870117803384
1350,-20.497528241885263,-5.18264355330507,21.701112640263368
1351,-20.82680402638207,-4.615125874230213,21.69352410249291
1352,-21.156079810878886,-4.047608195155352,21.68593556472245
1353,-21.485355595375694,-3.4800905160804945,21.67834702695199
1354,-21.81463137987251,-2.9125728370056336,21.67075848918153
1355,-22.143907164369324,-2.3450551579307763,21.66316995141107
1356,-22.47318294886614,-1.7775374788559155,21.65558141364061
1357,-22.802458733362947,-1.2100197997810582,21.647992875870138
1358,-23.131734517859762,-0.6425021207061974,21.64040433809968
1359,-23.46101030235657,-0.0749844416313401,21.63281580032922
1360,-23.790286086853385,0.49253323744352073,21.62522726255876
1361,-24.1195618713502,1.0600509165183816,21.6176387247883
1362,-24.448837655847015,1.6275685955932389,21.61005018701784
1363,-24.778113440343823,2.1950862746680926,21.602461649247367
1364,-25.10738922484063,2.762603953742957,21.594873111476907
1365,-25.436665009337446,3.330121632817818,21.587284573706448
1366,-25.76594079383426,3.8976393118926786,21.57969603593599
1367,-26.095216578331076,4.4651569909675395,21.57210749816553
1368,-26.42449236282789,5.03267467004239,21.56451896039507
1369,-26.7537681473247,5.6001923491172505,21.55693042262461
1370,-27.083043931821507,6.167710028192111,21.549341884854137
1371,-27.412319716318322,6.735227707266969,21.541753347083677
1372,-27.741595500815137,7.3027453863418295,21.534164809313218
1373,-28.070871285311952,7.87026306541669,21.52657627154276
1374,-28.400147069808767,8.437780744491551,21.5189877337723
1375,-28.729422854305568,9.005298423566405,21.51139919600184
1376,-29.058698638802383,9.57281610264127,21.503810658231366
1377,-29.1633,9.753100000000003,21.501399999999997
1378,-29.57647002703954,10.017314783849848,21.065467068260112
1379,-29.989640054079075,10.281529567699693,20.629534136520242
1380,-30.402810081118616,10.545744351549544,20.193601204780357
1381,-30.815980108158158,10.809959135399389,19.757668273040487
1382,-31.229150135197692,11.074173919249233,19.321735341300602
1383,-31.642320162237233,11.338388703099078,18.885802409560718
1384,-32.05549018927677,11.602603486948922,18.449869477820847
1385,-32.46866021631631,11.866818270798774,18.013936546080963
1386,-32.88183024335585,12.131033054648618,17.578003614341092
1387,-33.295000270395384,12.395247838498463,17.142070682601208
1388,-33.708170297434926,12.659462622348308,16.706137750861323
1389,-34.12134032447447,12.923677406198152,16.270204819121453
1390,-34.534510351514,13.187892190048004,15.834271887381568
1391,-34.94768037855354,13.452106973897848,15.398338955641684
1392,-35.360850405593084,13.716321757747693,14.962406023901814
1393,-35.77402043263262,13.980536541597537,14.526473092161929
1394,-36.18719045967216,14.244751325447382,14.090540160422059
1395,-36.60036048671169,14.508966109297226,13.654607228682174
1396,-37.013530513751235,14.773180893147078,13.21867429694229
1397,-37.426700540790776,15.037395676996923,12.782741365202419
1398,-37.83987056783032,15.301610460846767,12.346808433462535
1399,-38.25304059486985,15.565825244696612,11.91087550172265
1400,-38.66621062190939,15.830040028546456,11.47494256998278
1401,-39.07938064894893,16.0942548123963,11.039009638242895
1402,-39.49255067598847,16.358469596246152,10.603076706503025
1403,-39.90572070302801,16.622684380095997,10.16714377476314
1404,-40.318890730067544,16.88689916394584,9.731210843023256
1405,-40.732060757107085,17.151113947795686,9.295277911283385
1406,-41.14523078414662,17.41532873164553,8.8593449795435
1407,-41.55840081118616,17.679543515495382,8.423412047803616
1408,-41.9715708382257,17.943758299345227,7.987479116063746
1409,-42.38474086526524,18.20797308319507,7.551546184323861
1410,-42.79791089230478,18.472187867044923,7.115613252583991
1411,-43.21108091934431,18.73640265089476,6.679680320844106
1412,-43.62425094638385,19.000617434744612,6.243747389104236
1413,-44.037420973423394,19.264832218594456,5.807814457364351
1414,-44.450591000462936,19.5290470024443,5.371881525624467
1415,-44.86376102750247,19.793261786294146,4.935948593884596
1416,-45.27693105454201,20.05747657014399,4.500015662144712
1417,-45.690101081581545,20.32169135399384,4.064082730404827
1418,-46.10327110862109,20.585906137843686,3.628149798664957
1419,-46.51644113566063,20.85012092169353,3.1922168669250723
1420,-46.92961116270017,21.114335705543382,2.756283935185202
1421,-47.34278118973971,21.37855048939322,2.3203510034453174
1422,-47.755951216779245,21.64276527324307,1.88441807170544
1423,-48.16912124381878,21.906980057092916,1.4484851399655625
1424,-48.58229127085832,22.17119484094276,1.012552208225678
1425,-48.99546129789786,22.435409624792605,0.5766192764858005
1426,-49.4086313249374,22.69962440864245,0.140686344745923
1427,-49.82180135197694,22.9638391924923,-0.29524658699396156
1428,-50.4363,23.3568,-0.9436000000000035
1429,-50.02312997296046,23.092585216150155,-0.5076670682601261
1430,-49.60995994592092,22.82837043230031,-0.07173413652024863
1431,-49.19678991888138,22.56415564845046,0.36419879521963594
1432,-48.783619891841845,22.299940864600615,0.8001317269595134
1433,-48.37044986480231,22.03572608075077,1.2360646586993909
1434,-47.95727983776277,21.771511296900925,1.6719975904392683
1435,-47.54410981072323,21.50729651305108,2.107930522179153
1436,-47.13093978368369,21.24308172920123,2.5438634539190303
1437,-46.71776975664415,20.978866945351385,2.979796385658908
1438,-46.30459972960461,20.71465216150154,3.4157293173987924
1439,-45.89142970256508,20.450437377651696,3.8516622491386627
1440,-45.478259675525535,20.18622259380185,4.287595180878547
1441,-45.065089648485994,19.922007809952,4.723528112618418
1442,-44.65191962144645,19.657793026102155,5.159461044358302
1443,-44.23874959440692,19.39357824225231,5.595393976098187
1444,-43.82557956736738,19.129363458402466,6.031326907838057
1445,-43.41240954032784,18.86514867455262,6.467259839577942
1446,-42.9992395132883,18.600933890702777,6.903192771317826
1447,-42.58606948624876,18.336719106852925,7.339125703057697
1448,-42.172899459209226,18.07250432300308,7.775058634797581
1449,-41.759729432169685,17.808289539153236,8.210991566537452
1450,-41.346559405130144,17.54407475530339,8.646924498277336
1451,-40.93338937809061,17.279859971453547,9.08285743001722
1452,-40.52021935105107,17.015645187603695,9.518790361757091
1453,-40.10704932401153,16.75143040375385,9.954723293496976
1454,-39.69387929697199,16.487215619904006,10.390656225236846
1455,-39.28070926993246,16.22300083605416,10.82658915697673
1456,-38.86753924289292,15.958786052204317,11.262522088716615
1457,-38.454369215853376,15.694571268354466,11.698455020456485
1458,-38.041199188813835,15.430356484504621,12.13438795219637
1459,-37.6280291617743,15.166141700654777,12.570320883936255
1460,-37.21485913473476,14.901926916804932,13.006253815676125
1461,-36.80168910769522,14.637712132955087,13.44218674741601
1462,-36.38851908065568,14.373497349105236,13.87811967915588
1463,-35.97534905361614,14.109282565255398,14.314052610895764
1464,-35.5621790265766,13.845067781405547,14.749985542635635
1465,-35.14900899953706,13.580852997555702,15.18591847437552
1466,-34.73583897249753,13.316638213705858,15.621851406115404
1467,-34.32266894545799,13.052423429856006,16.057784337855274
1468,-33.90949891841845,12.788208646006161,16.49371726959516
1469,-33.49632889137891,12.523993862156317,16.929650201335043
1470,-33.08315886433937,12.259779078306472,17.365583133074914
1471,-32.66998883729983,11.995564294456628,17.8015160648148
1472,-32.25681881026029,11.731349510606776,18.237448996554683
1473,-31.843648783220758,11.467134726756939,18.673381928294553
1474,-31.430478756181216,11.202919942907087,19.109314860034438
1475,-31.017308729141675,10.938705159057243,19.545247791774308
1476,-30.60413870210214,10.674490375207398,19.981180723514193
1477,-30.1909686750626,10.410275591357554,20.417113655254063
1478,-29.777798648023065,10.146060807507702,20.853046586993948
1479,-29.364628620983524,9.881846023657857,21.288979518733832
1480,-29.1633,9.753100000000003,21.501399999999997
1481,-29.815712062431196,9.821928832603085,21.488075705618208
1482,-30.468124124862385,9.89075766520616,21.47475141123642
1483,-31.12053618729358,9.95958649780924,21.46142711685463
1484,-31.772948249724777,10.028415330412315,21.44810282247284
1485,-32.42536031215597,10.097244163015397,21.43477852809105
1486,-33.07777237458717,10.166072995618478,21.421454233709262
1487,-33.73018443701836,10.234901828221552,21.408129939327473
1488,-34.382596499449555,10.303730660824634,21.394805644945684
1489,-35.03500856188075,10.372559493427715,21.381481350563895
1490,-35.68742062431195,10.44138832603079,21.368157056182106
1491,-36.33983268674314,10.510217158633871,21.354832761800317
1492,-36.99224474917433,10.579045991236946,21.341508467418528
1493,-37.64465681160553,10.647874823840027,21.32818417303674
1494,-38.297068874036725,10.716703656443109,21.31485987865495
1495,-38.94948093646792,10.785532489046183,21.30153558427316
1496,-39.60189299889911,10.854361321649264,21.288211289891372
1497,-40.2543050613303,10.923190154252339,21.274886995509583
1498,-40.906717123761496,10.99201898685542,21.261562701127794
1499,-41.55912918619269,11.060847819458502,21.248238406746005
1500,-42.21154124862389,11.129676652061576,21.23491411236423
1501,-42.863953311055084,11.198505484664658,21.22158981798244
1502,-43.51636537348628,11.267334317267732,21.20826552360065
1503,-44.16877743591748,11.336163149870814,21.194941229218863
1504,-44.821189498348666,11.404991982473895,21.181616934837074
1505,-45.47360156077986,11.47382081507697,21.168292640455284
1506,-46.12601362321106,11.54264964768005,21.154968346073495
1507,-46.77842568564225,11.611478480283132,21.141644051691706
1508,-47.43083774807344,11.680307312886207,21.128319757309917
1509,-48.08324981050464,11.749136145489288,21.11499546292813
1510,-48.735661872935836,11.817964978092363,21.10167116854634
1511,-49.388073935367025,11.886793810695444,21.08834687416455
1512,-50.04048599779822,11.955622643298526,21.07502257978276
1513,-50.69289806022942,12.0244514759016,21.061698285400972
1514,-51.34531012266061,12.093280308504681,21.048373991019183
1515,-51.9977221850918,12.162109141107756,21.035049696637394
1516,-52.650134247523,12.230937973710837,21.021725402255605
1517,-53.302546309954195,12.299766806313919,21.008401107873816
1518,-53.95495837238539,12.368595638916993,20.995076813492027
1519,-54.60737043481659,12.437424471520075,20.981752519110238
1520,-55.259782497247784,12.506253304123149,20.96842822472845
1521,-55.91219455967897,12.57508213672623,20.95510393034666
1522,-56.56460662211016,12.643910969329312,20.94177963596487
1523,-57.21701868454136,12.712739801932386,20.92845534158308
1524,-57.869430746972554,12.781568634535468,20.915131047201292
1525,-58.52184280940375,12.85039746713855,20.901806752819503
1526,-59.17425487183495,12.919226299741624,20.888482458437714
1527,-59.82666693426614,12.988055132344705,20.875158164055925
1528,-60.47907899669733,13.05688396494778,20.861833869674136
1529,-61.13149105912853,13.125712797550861,20.848509575292347
1530,-61.783903121559725,13.194541630153942,20.835185280910558
1531,-62.43631518399092,13.263370462757017,20.82186098652877
1532,-63.08872724642212,13.332199295360098,20.80853669214698
1533,-63.74113930885331,13.401028127963173,20.79521239776519
1534,-64.3935513712845,13.469856960566254,20.7818881033834
1535,-65.04596343371568,13.538685793169336,20.768563809001613
1536,-65.6983754961469,13.60751462577241,20.755239514619824
1537,-66.35078755857808,13.676343458375491,20.741915220238035
1538,-67.00319962100929,13.745172290978573,20.728590925856246
1539,-67.65561168344047,13.814001123581647,20.715266631474456
1540,-68.30802374587168,13.882829956184729,20.701942337092667
1541,-68.96043580830286,13.951658788787803,20.688618042710893
1542,-69.61284787073404,14.020487621390885,20.675293748329103
1543,-70.26525993316525,14.089316453993966,20.661969453947314
1544,-70.91767199559644,14.15814528659704,20.648645159565525
1545,-71.57008405802765,14.226974119200122,20.635320865183736
